case_id,case_type,court,zone,days_since_filing,total_hearings,adjournment_count,primary_adj_reason,num_parties,has_senior_counsel,days_since_last_hearing,is_stalled,delay_risk
SN/2025/0001,Criminal,Ogun High Court,South-West,451,15,13,AWC,4,0,56,0,High
SN/2024/0002,Civil,Imo High Court,South-East,1248,23,19,JNA,6,1,374,1,High
SN/2026/0003,Civil,Enugu High Court,South-East,1388,26,21,SER,4,1,196,1,High
SN/2026/0004,Civil,FCT High Court,FCT,596,10,9,CNR,3,0,164,1,High
SN/2026/0005,Criminal,Oyo High Court,South-West,1141,25,17,INP,11,0,225,1,High
SN/2024/0006,Criminal,Lagos High Court,South-West,918,25,19,INP,4,0,128,1,High
SN/2025/0007,Civil,FHC Enugu,South-East,848,15,11,AWC,4,0,233,1,High
SN/2024/0008,Admiralty,NICN Lagos,South-West,456,14,11,AME,4,0,146,1,High
SN/2024/0009,Criminal,Lagos High Court,South-West,947,21,14,AME,6,0,271,1,High
SN/2025/0010,Land/Property,Lagos High Court,South-West,857,29,26,AWC,4,0,21,0,High
SN/2025/0011,Criminal,Rivers High Court,South-South,851,15,10,AWC,6,0,20,0,High
SN/2024/0012,Commercial,FHC Port Harcourt,South-South,1053,18,14,INP,7,0,262,1,High
SN/2025/0013,Land/Property,Edo High Court,South-South,965,22,18,CNR,4,0,156,1,High
SN/2024/0014,Family/Probate,Edo High Court,South-South,327,10,5,JNA,3,1,4,0,High
SN/2026/0015,Civil,Rivers High Court,South-South,1397,30,21,CNR,7,0,142,1,High
SN/2025/0016,Criminal,FHC Lagos,South-West,573,16,14,SER,4,1,91,1,High
SN/2025/0017,Commercial,FHC Lagos,South-West,1146,21,13,CNR,4,0,143,1,High
SN/2024/0018,Criminal,Rivers High Court,South-South,333,5,4,AWC,8,0,31,0,High
SN/2026/0019,Criminal,Oyo High Court,South-West,655,17,11,INP,6,0,204,1,High
SN/2025/0020,Civil,FHC Lagos,South-West,490,10,9,JNA,6,0,124,1,High
SN/2024/0021,Family/Probate,Ogun High Court,South-West,250,4,2,JNA,4,0,42,0,High
SN/2025/0022,Civil,Ogun High Court,South-West,1406,28,27,SER,3,1,248,1,High
SN/2025/0023,Admiralty,NICN Lagos,South-West,620,11,8,AWC,2,0,123,1,High
SN/2026/0024,Admiralty,Edo High Court,South-South,441,8,7,AWC,7,0,58,0,High
SN/2024/0025,Constitutional/Fundamental Rights,Edo High Court,South-South,514,14,9,AWC,6,0,117,1,High
SN/2026/0026,Constitutional/Fundamental Rights,NICN Lagos,South-West,526,13,7,ADR,5,0,21,0,High
SN/2025/0027,Civil,Sokoto High Court,North-West,251,7,4,SER,3,0,57,0,High
SN/2024/0028,Land/Property,FHC Enugu,South-East,1357,34,31,AWC,4,1,431,1,High
SN/2026/0029,Criminal,Oyo High Court,South-West,1079,25,16,CNR,4,0,97,1,High
SN/2026/0030,Civil,FHC Port Harcourt,South-South,1046,21,15,JNA,6,0,346,1,High
SN/2025/0031,Civil,FHC Port Harcourt,South-South,373,13,9,INP,4,1,68,0,High
SN/2025/0032,Family/Probate,Oyo High Court,South-West,375,9,6,INP,5,1,121,1,High
SN/2026/0033,Criminal,Court of Appeal Abuja,FCT,898,25,13,SER,6,1,50,0,High
SN/2026/0034,Civil,FHC Lagos,South-West,790,26,18,INP,3,1,189,1,High
SN/2025/0035,Criminal,FHC Lagos,South-West,1379,25,18,INP,2,0,209,1,High
SN/2026/0036,Civil,FHC Kano,North-West,603,15,9,OTH,7,1,196,1,High
SN/2026/0037,Criminal,Enugu High Court,South-East,426,7,6,AWC,2,0,61,0,High
SN/2025/0038,Criminal,Rivers High Court,South-South,666,22,18,AWC,6,0,183,1,High
SN/2025/0039,Land/Property,Edo High Court,South-South,1374,35,31,INP,5,1,337,1,High
SN/2024/0040,Criminal,Edo High Court,South-South,546,16,13,JNA,2,0,8,0,High
SN/2025/0041,Criminal,FHC Lagos,South-West,520,14,11,INP,3,0,152,1,High
SN/2025/0042,Civil,Oyo High Court,South-West,1199,30,22,AWC,8,1,302,1,High
SN/2026/0043,Civil,Ogun High Court,South-West,854,16,14,JNA,5,0,230,1,High
SN/2025/0044,Land/Property,Plateau High Court,North-Central,1451,35,31,CNR,3,0,145,1,High
SN/2024/0045,Civil,Rivers High Court,South-South,1355,30,24,AWC,9,0,116,1,High
SN/2025/0046,Criminal,Anambra High Court,South-East,834,16,13,SER,7,1,123,1,High
SN/2026/0047,Family/Probate,FHC Abuja,FCT,565,9,6,JNA,8,0,27,0,High
SN/2026/0048,Commercial,Ogun High Court,South-West,456,11,6,AWC,3,0,26,0,High
SN/2025/0049,Family/Probate,Oyo High Court,South-West,559,13,8,AWC,3,0,160,1,High
SN/2026/0050,Commercial,FHC Enugu,South-East,192,4,3,AWC,4,0,11,0,Moderate
SN/2024/0051,Criminal,FCT High Court,FCT,813,17,12,JNA,7,1,235,1,High
SN/2026/0052,Criminal,Delta High Court,South-South,786,21,16,AWC,4,0,93,1,High
SN/2025/0053,Criminal,Edo High Court,South-South,722,15,10,OTH,3,0,201,1,High
SN/2026/0054,Criminal,Sokoto High Court,North-West,879,25,21,SER,11,0,164,1,High
SN/2026/0055,Criminal,Edo High Court,South-South,1264,25,17,JNA,4,0,400,1,High
SN/2025/0056,Criminal,Oyo High Court,South-West,1179,25,19,AWC,2,0,296,1,High
SN/2025/0057,Family/Probate,FHC Lagos,South-West,118,2,1,INP,3,0,26,0,Low
SN/2025/0058,Land/Property,Oyo High Court,South-West,1305,35,30,CNR,8,0,241,1,High
SN/2024/0059,Commercial,FHC Lagos,South-West,589,15,14,OTH,5,0,37,0,High
SN/2025/0060,Civil,Lagos High Court,South-West,510,13,11,SER,4,0,95,1,High
SN/2024/0061,Admiralty,NICN Lagos,South-West,541,9,7,CNR,6,0,98,1,High
SN/2025/0062,Criminal,NICN Lagos,South-West,519,20,15,SER,6,0,157,1,High
SN/2024/0063,Criminal,Imo High Court,South-East,974,25,18,JNA,3,0,301,1,High
SN/2026/0064,Land/Property,Delta High Court,South-South,497,12,8,INP,6,0,23,0,High
SN/2026/0065,Civil,Lagos High Court,South-West,806,14,7,OTH,5,0,69,0,High
SN/2026/0066,Criminal,Lagos High Court,South-West,1015,21,19,JNA,5,0,185,1,High
SN/2024/0067,Land/Property,FHC Port Harcourt,South-South,1071,25,22,CNR,2,0,259,1,High
SN/2024/0068,Criminal,Ogun High Court,South-West,969,19,18,AWC,8,0,242,1,High
SN/2024/0069,Criminal,Delta High Court,South-South,1300,25,21,INP,9,0,58,0,High
SN/2026/0070,Civil,Lagos High Court,South-West,414,9,8,AWC,11,1,82,0,High
SN/2024/0071,Land/Property,Ogun High Court,South-West,1572,26,25,INP,5,0,262,1,High
SN/2025/0072,Criminal,FHC Port Harcourt,South-South,441,8,6,CNR,5,0,86,0,High
SN/2025/0073,Criminal,FHC Abuja,FCT,517,8,6,CNR,4,0,132,1,High
SN/2026/0074,Commercial,FHC Lagos,South-West,833,22,14,INP,3,0,95,1,High
SN/2026/0075,Admiralty,FCT High Court,FCT,212,3,3,JNA,2,1,28,0,Moderate
SN/2024/0076,Criminal,NICN Lagos,South-West,1194,25,20,AWC,11,0,17,0,High
SN/2026/0077,Civil,FHC Port Harcourt,South-South,172,5,3,AWC,5,1,14,0,Moderate
SN/2025/0078,Civil,Kaduna High Court,North-Central,1305,30,24,INP,6,0,231,1,High
SN/2026/0079,Land/Property,FHC Port Harcourt,South-South,1438,29,29,ADR,9,0,293,1,High
SN/2025/0080,Civil,Enugu High Court,South-East,688,22,18,JNA,6,0,46,0,High
SN/2025/0081,Criminal,Court of Appeal Abuja,FCT,1267,25,16,JNA,5,0,355,1,High
SN/2026/0082,Family/Probate,Ogun High Court,South-West,528,11,8,SER,3,1,57,0,High
SN/2024/0083,Land/Property,NICN Lagos,South-West,1050,25,23,ADR,7,0,283,1,High
SN/2026/0084,Civil,FHC Port Harcourt,South-South,873,27,23,AME,6,0,44,0,High
SN/2025/0085,Criminal,Imo High Court,South-East,586,19,14,CNR,6,0,126,1,High
SN/2026/0086,Civil,Oyo High Court,South-West,279,5,5,SER,7,0,15,0,High
SN/2025/0087,Family/Probate,Imo High Court,South-East,409,7,4,AWC,3,0,23,0,High
SN/2026/0088,Criminal,Oyo High Court,South-West,961,19,11,SER,4,1,142,1,High
SN/2026/0089,Commercial,Enugu High Court,South-East,574,17,11,AME,2,0,163,1,High
SN/2025/0090,Commercial,NICN Lagos,South-West,1236,22,12,STR,8,1,185,1,High
SN/2026/0091,Land/Property,Enugu High Court,South-East,1070,21,20,INP,7,0,329,1,High
SN/2024/0092,Civil,Anambra High Court,South-East,630,16,14,JNA,6,0,177,1,High
SN/2024/0093,Land/Property,Ogun High Court,South-West,1302,35,31,AWC,2,0,414,1,High
SN/2024/0094,Civil,Lagos High Court,South-West,995,17,15,INP,7,0,61,0,High
SN/2024/0095,Civil,Rivers High Court,South-South,1342,28,20,CNR,3,0,27,0,High
SN/2024/0096,Civil,Rivers High Court,South-South,505,12,11,SER,3,0,63,0,High
SN/2024/0097,Civil,Katsina High Court,North-West,988,20,15,JNA,5,0,202,1,High
SN/2026/0098,Criminal,Oyo High Court,South-West,598,16,13,INP,3,1,41,0,High
SN/2025/0099,Family/Probate,Rivers High Court,South-South,467,15,9,AWC,7,1,51,0,High
SN/2026/0100,Land/Property,Rivers High Court,South-South,975,18,16,AWC,3,0,18,0,High
SN/2026/0101,Criminal,Ogun High Court,South-West,1193,25,20,JNA,3,1,127,1,High
SN/2026/0102,Civil,Rivers High Court,South-South,1614,30,22,AME,8,1,152,1,High
SN/2026/0103,Criminal,Lagos High Court,South-West,1331,22,15,SER,9,0,201,1,High
SN/2024/0104,Land/Property,Katsina High Court,North-West,542,12,11,JNA,4,0,1,0,High
SN/2025/0105,Family/Probate,Delta High Court,South-South,399,10,6,INP,9,1,44,0,High
SN/2026/0106,Criminal,Anambra High Court,South-East,1034,18,16,AWC,2,1,339,1,High
SN/2024/0107,Criminal,Lagos High Court,South-West,896,15,12,CNR,3,0,50,0,High
SN/2024/0108,Commercial,FHC Lagos,South-West,1188,22,10,AWC,4,0,223,1,High
SN/2024/0109,Land/Property,NICN Abuja,FCT,1442,27,21,INP,6,0,206,1,High
SN/2024/0110,Commercial,Delta High Court,South-South,696,20,12,CNR,4,1,203,1,High
SN/2025/0111,Family/Probate,FHC Enugu,South-East,410,7,4,SER,3,0,130,1,High
SN/2026/0112,Criminal,Lagos High Court,South-West,804,19,13,OTH,6,0,68,0,High
SN/2024/0113,Commercial,Enugu High Court,South-East,931,22,18,AME,3,0,153,1,High
SN/2026/0114,Family/Probate,Anambra High Court,South-East,457,9,4,SER,5,1,57,0,High
SN/2025/0115,Family/Probate,Ogun High Court,South-West,531,9,5,INP,2,0,79,0,High
SN/2026/0116,Civil,Ogun High Court,South-West,1145,30,23,SER,7,1,223,1,High
SN/2024/0117,Civil,FHC Lagos,South-West,344,10,9,AWC,4,0,22,0,High
SN/2026/0118,Criminal,Ogun High Court,South-West,911,21,14,JNA,5,1,56,0,High
SN/2025/0119,Criminal,Lagos High Court,South-West,773,17,16,AWC,3,0,104,1,High
SN/2024/0120,Criminal,Lagos High Court,South-West,1234,25,17,STR,2,1,332,1,High
SN/2024/0121,Commercial,Edo High Court,South-South,459,8,5,SER,3,0,16,0,High
SN/2026/0122,Constitutional/Fundamental Rights,FHC Enugu,South-East,368,11,7,INP,4,0,87,0,High
SN/2026/0123,Land/Property,NICN Lagos,South-West,1627,29,27,AWC,5,0,510,1,High
SN/2026/0124,Criminal,FHC Lagos,South-West,757,14,7,SER,4,0,25,0,High
SN/2024/0125,Civil,Edo High Court,South-South,962,30,23,ADR,6,1,66,0,High
SN/2024/0126,Land/Property,Edo High Court,South-South,1136,19,14,INP,6,0,333,1,High
SN/2026/0127,Land/Property,Ogun High Court,South-West,1785,35,31,INP,4,0,321,1,High
SN/2025/0128,Family/Probate,Katsina High Court,North-West,365,6,1,JNA,7,0,38,0,High
SN/2025/0129,Land/Property,Enugu High Court,South-East,1672,35,30,SER,6,1,355,1,High
SN/2024/0130,Land/Property,Delta High Court,South-South,1725,35,26,AWC,2,0,572,1,High
SN/2026/0131,Criminal,Ogun High Court,South-West,834,21,18,SER,7,0,152,1,High
SN/2025/0132,Land/Property,Imo High Court,South-East,284,5,5,AWC,3,0,93,1,High
SN/2025/0133,Constitutional/Fundamental Rights,Delta High Court,South-South,190,3,2,AME,8,0,36,0,High
SN/2024/0134,Criminal,Lagos High Court,South-West,529,11,10,AWC,5,0,110,1,High
SN/2025/0135,Criminal,Katsina High Court,North-West,834,24,17,AWC,3,0,277,1,High
SN/2024/0136,Criminal,FHC Lagos,South-West,989,19,15,AWC,5,1,190,1,High
SN/2025/0137,Criminal,Sokoto High Court,North-West,875,15,13,OTH,3,0,177,1,High
SN/2026/0138,Commercial,Lagos High Court,South-West,517,16,12,AWC,5,1,162,1,High
SN/2024/0139,Land/Property,Kano High Court,North-West,1173,27,23,ADR,6,0,311,1,High
SN/2026/0140,Constitutional/Fundamental Rights,Anambra High Court,South-East,335,6,2,JNA,4,0,6,0,High
SN/2025/0141,Criminal,FHC Lagos,South-West,885,19,15,INP,4,1,130,1,High
SN/2025/0142,Civil,Ogun High Court,South-West,1663,30,24,INP,4,0,394,1,High
SN/2025/0143,Civil,NICN Lagos,South-West,1140,30,25,OTH,4,0,3,0,High
SN/2025/0144,Civil,Anambra High Court,South-East,847,29,26,INP,5,1,161,1,High
SN/2025/0145,Land/Property,Delta High Court,South-South,1720,30,23,SER,5,0,515,1,High
SN/2024/0146,Land/Property,Delta High Court,South-South,663,15,13,SER,4,0,116,1,High
SN/2025/0147,Admiralty,Oyo High Court,South-West,570,10,6,JNA,5,0,125,1,High
SN/2024/0148,Commercial,Rivers High Court,South-South,990,22,16,STR,4,0,324,1,High
SN/2024/0149,Land/Property,Ogun High Court,South-West,1446,35,28,AWC,7,0,65,0,High
SN/2025/0150,Criminal,Lagos High Court,South-West,1253,25,20,INP,5,1,252,1,High
SN/2025/0151,Family/Probate,Edo High Court,South-South,469,10,7,CNR,7,0,70,0,High
SN/2024/0152,Civil,Ogun High Court,South-West,1430,30,27,AWC,8,0,425,1,High
SN/2024/0153,Family/Probate,Enugu High Court,South-East,510,15,8,INP,4,1,56,0,High
SN/2026/0154,Civil,Rivers High Court,South-South,708,24,20,CNR,3,0,92,1,High
SN/2024/0155,Commercial,FHC Enugu,South-East,939,21,15,INP,2,0,199,1,High
SN/2024/0156,Civil,NICN Lagos,South-West,753,19,18,ADR,6,0,214,1,High
SN/2026/0157,Land/Property,Ogun High Court,South-West,1867,35,30,INP,4,0,441,1,High
SN/2024/0158,Criminal,Delta High Court,South-South,852,16,10,ADR,5,0,80,0,High
SN/2024/0159,Civil,Katsina High Court,North-West,1029,30,22,AWC,5,0,290,1,High
SN/2024/0160,Land/Property,Delta High Court,South-South,1228,31,30,INP,5,1,157,1,High
SN/2026/0161,Land/Property,Court of Appeal Abuja,FCT,1289,22,22,OTH,6,0,193,1,High
SN/2025/0162,Civil,Plateau High Court,North-Central,649,12,9,AWC,4,0,26,0,High
SN/2025/0163,Land/Property,Lagos High Court,South-West,1179,28,22,JNA,3,1,79,0,High
SN/2024/0164,Constitutional/Fundamental Rights,NICN Abuja,FCT,178,3,1,AWC,6,0,59,0,High
SN/2024/0165,Constitutional/Fundamental Rights,Oyo High Court,South-West,412,13,7,JNA,7,1,49,0,High
SN/2026/0166,Criminal,Imo High Court,South-East,918,20,15,AWC,3,0,225,1,High
SN/2025/0167,Civil,FHC Lagos,South-West,1216,23,17,STR,7,0,86,0,High
SN/2024/0168,Constitutional/Fundamental Rights,Delta High Court,South-South,363,12,5,AWC,4,0,92,1,High
SN/2025/0169,Criminal,Lagos High Court,South-West,1098,25,17,CNR,5,0,312,1,High
SN/2025/0170,Land/Property,FHC Port Harcourt,South-South,1187,25,22,INP,2,0,166,1,High
SN/2026/0171,Commercial,FHC Kaduna,North-Central,351,8,7,OTH,5,1,93,1,High
SN/2025/0172,Family/Probate,Ogun High Court,South-West,526,15,10,SER,3,0,107,1,High
SN/2025/0173,Civil,Katsina High Court,North-West,456,13,13,JNA,9,0,35,0,High
SN/2025/0174,Civil,Imo High Court,South-East,1257,21,19,INP,8,0,140,1,High
SN/2026/0175,Commercial,Imo High Court,South-East,1102,22,12,SER,5,1,23,0,High
SN/2025/0176,Commercial,Ogun High Court,South-West,313,7,5,INP,4,0,16,0,High
SN/2026/0177,Criminal,Anambra High Court,South-East,985,25,20,SER,7,1,239,1,High
SN/2025/0178,Commercial,FHC Enugu,South-East,549,11,6,INP,5,1,29,0,High
SN/2024/0179,Commercial,Ogun High Court,South-West,1131,22,15,AWC,9,0,250,1,High
SN/2026/0180,Civil,NICN Lagos,South-West,900,25,21,ADR,6,0,46,0,High
SN/2026/0181,Election Petition,FHC Kano,North-West,214,7,3,AWC,4,0,41,0,High
SN/2024/0182,Civil,Delta High Court,South-South,1122,30,25,CNR,4,0,188,1,High
SN/2025/0183,Land/Property,NICN Abuja,FCT,1072,21,17,CNR,7,0,151,1,High
SN/2025/0184,Land/Property,Imo High Court,South-East,1373,35,29,CNR,6,1,376,1,High
SN/2026/0185,Criminal,Kano High Court,North-West,537,12,9,INP,5,0,25,0,High
SN/2024/0186,Admiralty,FHC Lagos,South-West,509,14,8,AWC,2,0,135,1,High
SN/2026/0187,Civil,Ogun High Court,South-West,313,6,5,OTH,2,0,49,0,High
SN/2025/0188,Land/Property,Oyo High Court,South-West,1814,35,28,AWC,6,0,400,1,High
SN/2025/0189,Civil,FHC Enugu,South-East,1057,18,13,CNR,10,1,236,1,High
SN/2024/0190,Criminal,Lagos High Court,South-West,1214,25,19,CNR,9,0,275,1,High
SN/2024/0191,Criminal,Lagos High Court,South-West,407,8,7,SER,5,1,17,0,High
SN/2026/0192,Land/Property,Enugu High Court,South-East,652,17,16,AWC,5,1,203,1,High
SN/2025/0193,Family/Probate,Lagos High Court,South-West,188,7,2,AWC,3,0,29,0,Moderate
SN/2025/0194,Criminal,Rivers High Court,South-South,1056,22,15,ADR,2,0,108,1,High
SN/2025/0195,Land/Property,FHC Port Harcourt,South-South,1229,21,18,AWC,9,0,199,1,High
SN/2024/0196,Family/Probate,Imo High Court,South-East,256,8,5,JNA,7,0,79,0,High
SN/2026/0197,Land/Property,Oyo High Court,South-West,1432,33,29,CNR,4,0,440,1,High
SN/2026/0198,Criminal,FHC Lagos,South-West,493,9,8,INP,7,0,157,1,High
SN/2026/0199,Criminal,Lagos High Court,South-West,787,13,11,INP,5,0,108,1,High
SN/2024/0200,Civil,Ogun High Court,South-West,1063,30,22,ADR,5,0,331,1,High
SN/2024/0201,Criminal,Delta High Court,South-South,981,25,20,ADR,7,1,60,0,High
SN/2026/0202,Land/Property,Court of Appeal Abuja,FCT,751,16,14,INP,6,0,75,0,High
SN/2024/0203,Family/Probate,FHC Lagos,South-West,180,4,3,JNA,3,0,21,0,Moderate
SN/2026/0204,Criminal,NICN Lagos,South-West,1084,25,18,INP,7,0,218,1,High
SN/2024/0205,Criminal,Kaduna High Court,North-Central,521,8,7,AWC,5,0,36,0,High
SN/2025/0206,Civil,FHC Enugu,South-East,1027,18,14,AWC,7,0,290,1,High
SN/2024/0207,Land/Property,FHC Lagos,South-West,2000,35,34,ADR,3,1,516,1,High
SN/2024/0208,Family/Probate,NICN Lagos,South-West,531,12,8,STR,5,0,88,0,High
SN/2025/0209,Criminal,Lagos High Court,South-West,1039,25,17,AWC,8,0,297,1,High
SN/2026/0210,Commercial,Delta High Court,South-South,356,6,2,AWC,7,0,118,1,High
SN/2026/0211,Civil,NICN Lagos,South-West,1147,30,22,JNA,6,0,268,1,High
SN/2026/0212,Criminal,FHC Lagos,South-West,945,25,18,CNR,6,1,51,0,High
SN/2024/0213,Criminal,Kano High Court,North-West,708,14,10,OTH,2,0,235,1,High
SN/2024/0214,Civil,FHC Port Harcourt,South-South,327,10,7,CNR,5,0,72,0,High
SN/2025/0215,Civil,FHC Lagos,South-West,1041,21,18,AWC,3,0,20,0,High
SN/2025/0216,Civil,NICN Lagos,South-West,977,19,15,CNR,3,1,294,1,High
SN/2025/0217,Land/Property,Lagos High Court,South-West,1571,34,29,AWC,7,0,446,1,High
SN/2026/0218,Commercial,Rivers High Court,South-South,1196,22,17,SER,2,0,161,1,High
SN/2025/0219,Criminal,FHC Port Harcourt,South-South,1130,20,14,ADR,3,1,110,1,High
SN/2026/0220,Criminal,NICN Lagos,South-West,756,15,12,AWC,9,0,65,0,High
SN/2026/0221,Land/Property,Edo High Court,South-South,1701,35,28,SER,6,1,455,1,High
SN/2025/0222,Civil,Imo High Court,South-East,415,13,9,SER,3,0,47,0,High
SN/2024/0223,Constitutional/Fundamental Rights,Kwara High Court,North-Central,56,1,0,None,3,1,15,0,Low
SN/2025/0224,Commercial,Rivers High Court,South-South,791,22,14,INP,4,1,149,1,High
SN/2024/0225,Civil,Delta High Court,South-South,1191,29,24,CNR,9,0,68,0,High
SN/2024/0226,Civil,Delta High Court,South-South,785,13,9,CNR,9,0,226,1,High
SN/2024/0227,Criminal,Enugu High Court,South-East,474,9,6,AME,3,1,73,0,High
SN/2024/0228,Family/Probate,Ogun High Court,South-West,443,13,9,ADR,3,0,8,0,High
SN/2024/0229,Family/Probate,FHC Lagos,South-West,620,13,7,AWC,2,0,98,1,High
SN/2025/0230,Criminal,FHC Port Harcourt,South-South,908,25,18,INP,5,1,80,0,High
SN/2024/0231,Land/Property,Lagos High Court,South-West,1166,20,19,JNA,3,1,202,1,High
SN/2026/0232,Commercial,Imo High Court,South-East,912,17,13,JNA,7,0,156,1,High
SN/2024/0233,Land/Property,FHC Lagos,South-West,684,23,21,INP,8,0,86,0,High
SN/2025/0234,Commercial,FHC Enugu,South-East,1247,22,18,AWC,3,1,177,1,High
SN/2024/0235,Criminal,Edo High Court,South-South,1277,25,19,INP,6,1,258,1,High
SN/2026/0236,Civil,Lagos High Court,South-West,620,18,15,SER,9,0,11,0,High
SN/2025/0237,Land/Property,Enugu High Court,South-East,809,22,22,INP,3,0,212,1,High
SN/2024/0238,Admiralty,Plateau High Court,North-Central,350,6,4,CNR,4,1,83,0,High
SN/2026/0239,Criminal,Plateau High Court,North-Central,981,19,12,AWC,5,0,65,0,High
SN/2026/0240,Criminal,FCT High Court,FCT,704,19,14,INP,3,0,149,1,High
SN/2026/0241,Constitutional/Fundamental Rights,NICN Lagos,South-West,287,8,3,AWC,7,0,19,0,High
SN/2024/0242,Civil,Lagos High Court,South-West,1221,29,23,AWC,5,1,79,0,High
SN/2025/0243,Election Petition,Edo High Court,South-South,51,1,0,None,4,0,10,0,Low
SN/2024/0244,Commercial,FHC Port Harcourt,South-South,722,22,17,JNA,4,0,23,0,High
SN/2026/0245,Land/Property,Ogun High Court,South-West,736,16,13,CNR,7,0,103,1,High
SN/2025/0246,Commercial,Kano High Court,North-West,416,16,11,AWC,3,0,67,0,High
SN/2025/0247,Commercial,Borno High Court,North-East,713,15,12,CNR,7,0,105,1,High
SN/2024/0248,Land/Property,Enugu High Court,South-East,747,17,12,AME,3,0,73,0,High
SN/2026/0249,Civil,Anambra High Court,South-East,834,28,24,CNR,7,0,40,0,High
SN/2026/0250,Commercial,FHC Kano,North-West,639,11,8,INP,9,0,24,0,High
SN/2026/0251,Commercial,Oyo High Court,South-West,831,22,18,SER,3,0,273,1,High
SN/2024/0252,Land/Property,FHC Port Harcourt,South-South,931,19,16,OTH,3,0,39,0,High
SN/2026/0253,Civil,Anambra High Court,South-East,500,11,10,ADR,7,0,25,0,High
SN/2026/0254,Criminal,Lagos High Court,South-West,915,16,11,JNA,4,0,220,1,High
SN/2025/0255,Civil,Lagos High Court,South-West,925,29,27,CNR,8,0,217,1,High
SN/2025/0256,Criminal,Enugu High Court,South-East,740,15,12,AWC,6,1,189,1,High
SN/2026/0257,Civil,FHC Lagos,South-West,1378,30,24,OTH,11,0,450,1,High
SN/2025/0258,Criminal,Enugu High Court,South-East,567,14,9,OTH,8,1,21,0,High
SN/2025/0259,Land/Property,Oyo High Court,South-West,1649,34,30,INP,4,1,240,1,High
SN/2025/0260,Civil,Lagos High Court,South-West,1054,23,20,ADR,7,0,7,0,High
SN/2024/0261,Election Petition,Oyo High Court,South-West,155,3,2,CNR,5,0,22,0,High
SN/2026/0262,Criminal,FHC Port Harcourt,South-South,717,16,11,ADR,3,0,85,0,High
SN/2026/0263,Land/Property,NICN Lagos,South-West,1244,32,26,AWC,8,0,364,1,High
SN/2024/0264,Land/Property,Ogun High Court,South-West,1406,28,23,INP,9,1,446,1,High
SN/2024/0265,Land/Property,Edo High Court,South-South,554,10,8,AWC,3,1,7,0,High
SN/2025/0266,Land/Property,FHC Lagos,South-West,1559,28,26,AWC,6,0,106,1,High
SN/2024/0267,Civil,NICN Lagos,South-West,1101,21,17,CNR,9,1,110,1,High
SN/2024/0268,Criminal,FHC Port Harcourt,South-South,178,5,4,STR,4,0,32,0,High
SN/2026/0269,Family/Probate,NICN Lagos,South-West,614,13,6,JNA,4,0,60,0,High
SN/2026/0270,Election Petition,Oyo High Court,South-West,187,6,4,AWC,4,0,16,0,High
SN/2024/0271,Constitutional/Fundamental Rights,Ogun High Court,South-West,249,4,2,SER,3,0,44,0,High
SN/2025/0272,Criminal,Enugu High Court,South-East,1043,25,19,AWC,8,0,185,1,High
SN/2025/0273,Civil,FHC Port Harcourt,South-South,1303,25,21,ADR,10,0,251,1,High
SN/2025/0274,Land/Property,FHC Lagos,South-West,2000,35,30,ADR,8,1,438,1,High
SN/2025/0275,Civil,NICN Lagos,South-West,1073,29,23,AWC,3,0,133,1,High
SN/2026/0276,Constitutional/Fundamental Rights,Lagos High Court,South-West,246,6,4,AWC,2,0,1,0,High
SN/2025/0277,Election Petition,Lagos High Court,South-West,213,5,1,JNA,4,0,44,0,High
SN/2024/0278,Constitutional/Fundamental Rights,FHC Lagos,South-West,127,3,3,JNA,7,0,9,0,Moderate
SN/2025/0279,Commercial,Ogun High Court,South-West,1328,22,13,JNA,6,1,198,1,High
SN/2026/0280,Family/Probate,NICN Lagos,South-West,533,10,5,CNR,3,1,169,1,High
SN/2024/0281,Civil,Anambra High Court,South-East,1162,20,17,JNA,5,0,120,1,High
SN/2024/0282,Criminal,Rivers High Court,South-South,850,14,10,SER,5,0,114,1,High
SN/2024/0283,Civil,FHC Port Harcourt,South-South,1264,30,21,INP,7,0,82,0,High
SN/2024/0284,Civil,FHC Lagos,South-West,1648,30,24,ADR,2,0,184,1,High
SN/2025/0285,Civil,Imo High Court,South-East,1437,30,28,JNA,4,0,51,0,High
SN/2024/0286,Constitutional/Fundamental Rights,Enugu High Court,South-East,323,8,1,SER,3,0,16,0,High
SN/2026/0287,Land/Property,Lagos High Court,South-West,1729,35,29,INP,3,0,77,0,High
SN/2026/0288,Civil,Delta High Court,South-South,460,13,11,AWC,11,0,7,0,High
SN/2025/0289,Criminal,Rivers High Court,South-South,831,22,14,AWC,4,0,93,1,High
SN/2025/0290,Land/Property,NICN Lagos,South-West,1809,35,32,INP,9,0,11,0,High
SN/2026/0291,Constitutional/Fundamental Rights,Oyo High Court,South-West,368,6,1,SER,6,0,32,0,High
SN/2026/0292,Constitutional/Fundamental Rights,NICN Lagos,South-West,124,3,1,ADR,3,0,9,0,Moderate
SN/2025/0293,Criminal,FHC Port Harcourt,South-South,711,24,20,STR,3,0,26,0,High
SN/2025/0294,Criminal,NICN Lagos,South-West,948,16,12,SER,3,0,69,0,High
SN/2026/0295,Civil,Lagos High Court,South-West,643,15,12,AWC,3,0,197,1,High
SN/2025/0296,Land/Property,Edo High Court,South-South,1352,35,32,INP,2,0,27,0,High
SN/2026/0297,Civil,Imo High Court,South-East,786,13,13,JNA,7,1,185,1,High
SN/2024/0298,Family/Probate,NICN Lagos,South-West,328,6,4,JNA,9,0,25,0,High
SN/2025/0299,Constitutional/Fundamental Rights,Lagos High Court,South-West,471,13,8,JNA,3,0,124,1,High
SN/2026/0300,Admiralty,Lagos High Court,South-West,292,4,2,AWC,7,0,69,0,High
SN/2025/0301,Criminal,Court of Appeal Abuja,FCT,797,17,15,JNA,9,0,69,0,High
SN/2025/0302,Criminal,Kwara High Court,North-Central,603,20,14,ADR,5,0,177,1,High
SN/2024/0303,Criminal,Bauchi High Court,North-East,498,14,10,SER,6,1,42,0,High
SN/2024/0304,Land/Property,Oyo High Court,South-West,475,14,12,AWC,3,0,4,0,High
SN/2025/0305,Criminal,NICN Abuja,FCT,433,14,10,INP,2,1,59,0,High
SN/2024/0306,Civil,Edo High Court,South-South,1254,30,20,AWC,9,1,336,1,High
SN/2024/0307,Civil,FHC Port Harcourt,South-South,606,15,12,CNR,5,0,138,1,High
SN/2024/0308,Land/Property,FHC Port Harcourt,South-South,1590,29,26,AWC,5,0,162,1,High
SN/2025/0309,Criminal,Enugu High Court,South-East,697,13,11,AWC,7,0,3,0,High
SN/2024/0310,Land/Property,FHC Lagos,South-West,1759,30,28,CNR,2,0,317,1,High
SN/2025/0311,Land/Property,Lagos High Court,South-West,552,12,9,INP,3,0,85,0,High
SN/2024/0312,Civil,Kwara High Court,North-Central,961,23,18,AWC,6,0,123,1,High
SN/2026/0313,Land/Property,FHC Abuja,FCT,1853,35,28,CNR,8,0,44,0,High
SN/2025/0314,Criminal,FHC Abuja,FCT,994,25,21,CNR,9,1,110,1,High
SN/2026/0315,Election Petition,FHC Lagos,South-West,198,3,2,AWC,7,0,33,0,High
SN/2025/0316,Criminal,Imo High Court,South-East,606,12,8,CNR,6,1,179,1,High
SN/2025/0317,Land/Property,FHC Port Harcourt,South-South,1510,26,21,AWC,6,0,308,1,High
SN/2024/0318,Criminal,Delta High Court,South-South,1073,25,20,ADR,8,0,54,0,High
SN/2025/0319,Land/Property,FHC Lagos,South-West,1359,29,22,ADR,2,1,405,1,High
SN/2026/0320,Civil,NICN Lagos,South-West,646,14,12,AWC,6,1,31,0,High
SN/2025/0321,Civil,Ogun High Court,South-West,754,20,17,AME,4,0,14,0,High
SN/2026/0322,Criminal,Anambra High Court,South-East,905,25,20,AWC,10,0,248,1,High
SN/2026/0323,Criminal,NICN Lagos,South-West,1334,25,21,INP,4,0,393,1,High
SN/2025/0324,Family/Probate,FHC Port Harcourt,South-South,324,7,6,AME,4,0,66,0,High
SN/2024/0325,Criminal,NICN Lagos,South-West,243,7,4,AWC,4,1,43,0,High
SN/2025/0326,Family/Probate,Oyo High Court,South-West,338,7,4,STR,4,0,41,0,High
SN/2025/0327,Criminal,FHC Enugu,South-East,1110,25,17,INP,6,0,357,1,High
SN/2025/0328,Land/Property,Lagos High Court,South-West,2000,35,29,AWC,5,0,288,1,High
SN/2026/0329,Civil,Lagos High Court,South-West,812,29,22,AWC,3,1,158,1,High
SN/2025/0330,Criminal,Lagos High Court,South-West,702,12,11,INP,2,0,188,1,High
SN/2024/0331,Criminal,Enugu High Court,South-East,854,20,17,INP,3,0,2,0,High
SN/2026/0332,Constitutional/Fundamental Rights,FHC Enugu,South-East,402,8,5,AWC,10,0,44,0,High
SN/2026/0333,Criminal,Ogun High Court,South-West,1144,25,17,JNA,3,0,373,1,High
SN/2024/0334,Admiralty,Katsina High Court,North-West,173,4,2,SER,3,0,41,0,Moderate
SN/2025/0335,Commercial,Court of Appeal Abuja,FCT,1389,22,15,CNR,3,0,34,0,High
SN/2026/0336,Criminal,Sokoto High Court,North-West,404,9,5,CNR,9,0,37,0,High
SN/2026/0337,Land/Property,Anambra High Court,South-East,345,5,4,STR,9,0,23,0,High
SN/2026/0338,Commercial,NICN Lagos,South-West,975,22,16,AWC,3,0,125,1,High
SN/2025/0339,Criminal,NICN Lagos,South-West,1366,25,18,STR,6,1,322,1,High
SN/2026/0340,Constitutional/Fundamental Rights,FHC Lagos,South-West,248,9,5,INP,5,1,31,0,High
SN/2026/0341,Land/Property,FHC Port Harcourt,South-South,1598,35,29,CNR,4,0,400,1,High
SN/2025/0342,Land/Property,Imo High Court,South-East,1340,32,28,AWC,8,0,197,1,High
SN/2026/0343,Criminal,Plateau High Court,North-Central,828,25,17,INP,5,1,95,1,High
SN/2024/0344,Constitutional/Fundamental Rights,NICN Lagos,South-West,467,10,9,SER,4,1,60,0,High
SN/2024/0345,Civil,Oyo High Court,South-West,992,18,14,INP,3,0,31,0,High
SN/2024/0346,Commercial,Imo High Court,South-East,1090,19,12,CNR,4,0,117,1,High
SN/2026/0347,Criminal,Kwara High Court,North-Central,1013,20,16,SER,5,0,8,0,High
SN/2026/0348,Criminal,Rivers High Court,South-South,451,16,15,ADR,7,0,63,0,High
SN/2025/0349,Civil,Kaduna High Court,North-Central,1038,20,17,AME,2,0,313,1,High
SN/2024/0350,Commercial,FHC Lagos,South-West,630,16,9,AME,7,0,193,1,High
SN/2024/0351,Land/Property,Ogun High Court,South-West,2000,35,32,ADR,3,0,322,1,High
SN/2024/0352,Criminal,Ogun High Court,South-West,815,24,18,AWC,5,0,213,1,High
SN/2024/0353,Commercial,Oyo High Court,South-West,815,21,13,AWC,7,0,40,0,High
SN/2024/0354,Election Petition,NICN Lagos,South-West,221,7,2,CNR,9,0,47,0,High
SN/2024/0355,Family/Probate,Lagos High Court,South-West,378,6,6,AWC,7,1,106,1,High
SN/2025/0356,Criminal,FHC Kaduna,North-Central,943,20,15,AWC,2,0,272,1,High
SN/2025/0357,Civil,FHC Kaduna,North-Central,746,21,16,AWC,5,0,117,1,High
SN/2024/0358,Criminal,Edo High Court,South-South,463,13,9,AWC,5,0,81,0,High
SN/2024/0359,Criminal,Edo High Court,South-South,732,13,5,CNR,7,1,214,1,High
SN/2026/0360,Criminal,FHC Port Harcourt,South-South,950,17,13,INP,6,0,38,0,High
SN/2024/0361,Commercial,Lagos High Court,South-West,1233,22,13,AWC,5,1,92,1,High
SN/2026/0362,Criminal,FHC Lagos,South-West,668,17,10,AWC,4,1,82,0,High
SN/2024/0363,Land/Property,Enugu High Court,South-East,1298,24,22,JNA,9,0,169,1,High
SN/2025/0364,Criminal,Lagos High Court,South-West,455,9,7,AME,3,0,96,1,High
SN/2026/0365,Land/Property,Oyo High Court,South-West,488,18,17,SER,7,0,4,0,High
SN/2024/0366,Land/Property,Oyo High Court,South-West,1209,31,27,INP,3,0,43,0,High
SN/2026/0367,Criminal,FHC Lagos,South-West,412,10,6,JNA,5,0,69,0,High
SN/2025/0368,Land/Property,FHC Port Harcourt,South-South,1049,21,18,CNR,4,0,223,1,High
SN/2024/0369,Commercial,Ogun High Court,South-West,1046,22,15,AWC,6,0,170,1,High
SN/2026/0370,Civil,Enugu High Court,South-East,922,16,14,AWC,5,1,268,1,High
SN/2024/0371,Civil,NICN Lagos,South-West,1371,30,22,OTH,9,0,365,1,High
SN/2025/0372,Land/Property,FHC Lagos,South-West,1057,35,25,CNR,6,0,89,0,High
SN/2026/0373,Land/Property,NICN Lagos,South-West,482,18,15,INP,6,0,151,1,High
SN/2026/0374,Civil,FHC Gombe,North-East,913,30,25,STR,9,0,98,1,High
SN/2026/0375,Criminal,Lagos High Court,South-West,667,19,14,CNR,11,0,166,1,High
SN/2026/0376,Criminal,NICN Lagos,South-West,1121,25,21,SER,4,0,304,1,High
SN/2026/0377,Family/Probate,FHC Lagos,South-West,306,8,3,INP,7,0,52,0,High
SN/2026/0378,Civil,Sokoto High Court,North-West,1350,23,17,INP,5,0,242,1,High
SN/2025/0379,Land/Property,FHC Lagos,South-West,1835,35,33,AWC,10,0,168,1,High
SN/2025/0380,Commercial,FHC Lagos,South-West,877,17,13,CNR,7,0,274,1,High
SN/2024/0381,Criminal,FHC Enugu,South-East,716,14,11,JNA,3,0,76,0,High
SN/2026/0382,Criminal,Ogun High Court,South-West,834,23,18,SER,7,1,263,1,High
SN/2024/0383,Constitutional/Fundamental Rights,Imo High Court,South-East,70,1,1,JNA,8,0,14,0,Low
SN/2025/0384,Land/Property,Ogun High Court,South-West,1468,27,26,JNA,5,0,305,1,High
SN/2025/0385,Civil,NICN Lagos,South-West,755,20,17,JNA,3,0,111,1,High
SN/2025/0386,Criminal,NICN Abuja,FCT,886,25,17,INP,8,0,238,1,High
SN/2025/0387,Civil,Oyo High Court,South-West,145,2,1,JNA,2,0,27,0,Low
SN/2026/0388,Land/Property,NICN Lagos,South-West,1318,30,28,AWC,5,0,412,1,High
SN/2024/0389,Commercial,Oyo High Court,South-West,1001,22,11,ADR,6,0,64,0,High
SN/2025/0390,Criminal,Anambra High Court,South-East,750,15,13,INP,2,1,134,1,High
SN/2026/0391,Commercial,Sokoto High Court,North-West,607,12,8,JNA,3,1,94,1,High
SN/2024/0392,Commercial,NICN Lagos,South-West,1001,22,16,ADR,9,0,269,1,High
SN/2025/0393,Civil,Lagos High Court,South-West,523,14,12,JNA,5,1,156,1,High
SN/2025/0394,Criminal,Oyo High Court,South-West,1324,23,19,JNA,5,0,387,1,High
SN/2025/0395,Criminal,Court of Appeal Abuja,FCT,903,25,19,SER,7,1,257,1,High
SN/2024/0396,Civil,Rivers High Court,South-South,1556,30,26,AWC,5,0,208,1,High
SN/2024/0397,Criminal,Ogun High Court,South-West,668,17,11,AWC,10,0,16,0,High
SN/2026/0398,Civil,Sokoto High Court,North-West,654,15,10,JNA,3,0,202,1,High
SN/2024/0399,Civil,Ogun High Court,South-West,1247,22,21,SER,5,0,325,1,High
SN/2026/0400,Land/Property,NICN Lagos,South-West,1542,29,26,JNA,4,0,206,1,High
SN/2025/0401,Commercial,Kwara High Court,North-Central,398,11,8,AWC,11,1,56,0,High
SN/2024/0402,Commercial,FHC Kano,North-West,804,22,15,CNR,5,0,234,1,High
SN/2024/0403,Commercial,FHC Kano,North-West,393,10,6,OTH,7,0,12,0,High
SN/2025/0404,Criminal,Lagos High Court,South-West,447,9,6,ADR,10,0,47,0,High
SN/2024/0405,Criminal,Kwara High Court,North-Central,409,10,9,CNR,7,0,44,0,High
SN/2026/0406,Civil,Enugu High Court,South-East,1152,30,24,JNA,4,0,343,1,High
SN/2024/0407,Land/Property,Ogun High Court,South-West,807,20,18,CNR,3,0,226,1,High
SN/2024/0408,Land/Property,NICN Lagos,South-West,1301,23,20,AME,5,0,262,1,High
SN/2025/0409,Land/Property,Anambra High Court,South-East,1260,29,24,INP,2,0,343,1,High
SN/2024/0410,Family/Probate,Rivers High Court,South-South,260,8,2,AWC,8,1,36,0,High
SN/2025/0411,Criminal,Kwara High Court,North-Central,383,11,9,AWC,8,0,93,1,High
SN/2026/0412,Constitutional/Fundamental Rights,Kaduna High Court,North-Central,333,11,3,INP,8,0,108,1,High
SN/2024/0413,Civil,FCT High Court,FCT,952,18,14,INP,5,0,196,1,High
SN/2024/0414,Land/Property,Lagos High Court,South-West,723,13,10,JNA,7,0,7,0,High
SN/2025/0415,Criminal,Ogun High Court,South-West,1005,18,12,INP,7,0,46,0,High
SN/2026/0416,Civil,Delta High Court,South-South,797,13,12,AWC,3,0,260,1,High
SN/2024/0417,Criminal,NICN Lagos,South-West,828,16,11,AWC,11,0,21,0,High
SN/2026/0418,Land/Property,Ogun High Court,South-West,750,15,11,INP,5,0,100,1,High
SN/2024/0419,Family/Probate,Edo High Court,South-South,292,7,3,OTH,3,0,17,0,High
SN/2026/0420,Family/Probate,Court of Appeal Abuja,FCT,182,3,2,OTH,7,1,18,0,Moderate
SN/2025/0421,Civil,FHC Lagos,South-West,1076,18,14,AWC,4,0,346,1,High
SN/2025/0422,Land/Property,FHC Port Harcourt,South-South,1127,23,20,INP,4,0,71,0,High
SN/2024/0423,Civil,Enugu High Court,South-East,1427,30,22,JNA,5,0,362,1,High
SN/2025/0424,Commercial,FHC Lagos,South-West,240,5,2,INP,3,0,13,0,Moderate
SN/2024/0425,Criminal,Imo High Court,South-East,1248,25,19,CNR,3,0,230,1,High
SN/2026/0426,Land/Property,FHC Port Harcourt,South-South,560,21,18,OTH,2,0,112,1,High
SN/2024/0427,Commercial,NICN Lagos,South-West,1045,18,10,OTH,8,0,206,1,High
SN/2025/0428,Land/Property,Imo High Court,South-East,1260,28,23,JNA,9,0,275,1,High
SN/2025/0429,Land/Property,Rivers High Court,South-South,1257,22,21,SER,2,1,79,0,High
SN/2024/0430,Criminal,Oyo High Court,South-West,558,11,10,CNR,5,1,82,0,High
SN/2026/0431,Criminal,Anambra High Court,South-East,507,8,6,AWC,3,0,145,1,High
SN/2024/0432,Land/Property,FHC Enugu,South-East,1560,35,29,INP,4,0,211,1,High
SN/2026/0433,Criminal,Delta High Court,South-South,1193,22,14,AWC,5,1,382,1,High
SN/2025/0434,Criminal,FHC Lagos,South-West,1172,25,19,ADR,4,0,90,0,High
SN/2026/0435,Commercial,Delta High Court,South-South,578,14,10,INP,4,1,6,0,High
SN/2024/0436,Commercial,FHC Lagos,South-West,602,10,5,AWC,11,0,172,1,High
SN/2026/0437,Civil,FCT High Court,FCT,1436,30,23,JNA,3,0,188,1,High
SN/2024/0438,Family/Probate,FHC Lagos,South-West,221,5,5,JNA,7,0,66,0,High
SN/2024/0439,Criminal,Kano High Court,North-West,385,14,11,JNA,6,1,36,0,High
SN/2026/0440,Constitutional/Fundamental Rights,Kwara High Court,North-Central,313,12,8,JNA,8,1,24,0,High
SN/2024/0441,Criminal,Katsina High Court,North-West,810,17,13,STR,6,0,83,0,High
SN/2025/0442,Civil,Anambra High Court,South-East,1337,30,24,STR,4,1,385,1,High
SN/2025/0443,Criminal,Oyo High Court,South-West,885,15,11,AME,3,1,256,1,High
SN/2026/0444,Commercial,FHC Lagos,South-West,408,6,5,AME,4,1,79,0,High
SN/2026/0445,Land/Property,FHC Enugu,South-East,1358,31,23,INP,8,0,76,0,High
SN/2024/0446,Civil,FHC Port Harcourt,South-South,1482,25,20,SER,3,0,145,1,High
SN/2025/0447,Civil,Lagos High Court,South-West,695,19,17,AWC,4,0,37,0,High
SN/2024/0448,Civil,Lagos High Court,South-West,1362,30,24,AWC,9,0,123,1,High
SN/2025/0449,Land/Property,Lagos High Court,South-West,1673,35,32,AWC,8,0,293,1,High
SN/2026/0450,Land/Property,FHC Kano,North-West,477,12,11,AWC,8,0,56,0,High
SN/2024/0451,Criminal,Katsina High Court,North-West,515,8,7,OTH,8,1,158,1,High
SN/2024/0452,Commercial,Kaduna High Court,North-Central,1220,21,14,SER,6,1,244,1,High
SN/2024/0453,Criminal,Katsina High Court,North-West,885,17,14,SER,6,1,137,1,High
SN/2025/0454,Admiralty,Oyo High Court,South-West,370,14,9,JNA,4,0,19,0,High
SN/2026/0455,Civil,Oyo High Court,South-West,1030,17,13,ADR,10,1,175,1,High
SN/2025/0456,Family/Probate,NICN Lagos,South-West,483,14,10,AWC,7,0,141,1,High
SN/2025/0457,Commercial,Oyo High Court,South-West,1174,22,13,AWC,8,0,35,0,High
SN/2024/0458,Criminal,Ogun High Court,South-West,178,3,3,JNA,9,0,38,0,Moderate
SN/2025/0459,Admiralty,FHC Lagos,South-West,145,2,1,CNR,2,0,40,0,Low
SN/2026/0460,Land/Property,Borno High Court,North-East,1258,24,24,INP,5,0,275,1,High
SN/2026/0461,Criminal,Lagos High Court,South-West,969,17,12,JNA,8,1,228,1,High
SN/2026/0462,Criminal,Bauchi High Court,North-East,666,11,11,CNR,4,1,68,0,High
SN/2024/0463,Civil,Delta High Court,South-South,1624,30,25,CNR,2,0,73,0,High
SN/2024/0464,Commercial,Oyo High Court,South-West,420,9,6,CNR,8,0,8,0,High
SN/2025/0465,Constitutional/Fundamental Rights,FHC Lagos,South-West,460,13,9,CNR,6,0,11,0,High
SN/2025/0466,Criminal,Edo High Court,South-South,815,22,19,INP,9,0,98,1,High
SN/2026/0467,Criminal,NICN Abuja,FCT,804,23,16,AWC,5,0,236,1,High
SN/2025/0468,Criminal,Rivers High Court,South-South,1053,19,14,INP,7,1,36,0,High
SN/2024/0469,Civil,Enugu High Court,South-East,1500,30,23,AWC,5,1,89,0,High
SN/2026/0470,Criminal,Edo High Court,South-South,1082,19,13,CNR,3,1,40,0,High
SN/2025/0471,Land/Property,Oyo High Court,South-West,998,27,23,JNA,7,0,196,1,High
SN/2024/0472,Criminal,Katsina High Court,North-West,663,24,15,SER,2,1,210,1,High
SN/2026/0473,Family/Probate,NICN Lagos,South-West,493,16,11,INP,3,1,29,0,High
SN/2024/0474,Land/Property,Rivers High Court,South-South,916,35,32,SER,6,0,126,1,High
SN/2025/0475,Criminal,FHC Kano,North-West,558,11,9,STR,8,1,76,0,High
SN/2025/0476,Land/Property,Lagos High Court,South-West,2000,35,31,AWC,9,1,394,1,High
SN/2025/0477,Criminal,Edo High Court,South-South,369,9,5,AWC,7,0,29,0,High
SN/2024/0478,Criminal,FHC Kaduna,North-Central,741,13,11,SER,5,0,153,1,High
SN/2025/0479,Criminal,FHC Port Harcourt,South-South,1049,25,18,STR,4,0,79,0,High
SN/2024/0480,Criminal,Ogun High Court,South-West,536,9,7,INP,4,1,22,0,High
SN/2024/0481,Criminal,NICN Lagos,South-West,1168,20,16,ADR,7,0,252,1,High
SN/2025/0482,Criminal,Rivers High Court,South-South,736,25,21,AWC,5,1,28,0,High
SN/2025/0483,Family/Probate,Imo High Court,South-East,420,9,6,CNR,2,1,50,0,High
SN/2026/0484,Criminal,Imo High Court,South-East,965,23,14,AWC,3,1,5,0,High
SN/2025/0485,Civil,Edo High Court,South-South,495,9,7,JNA,9,1,11,0,High
SN/2025/0486,Land/Property,NICN Abuja,FCT,1609,35,28,JNA,4,0,53,0,High
SN/2024/0487,Criminal,NICN Abuja,FCT,1249,21,19,OTH,6,0,40,0,High
SN/2025/0488,Commercial,Kaduna High Court,North-Central,364,7,4,CNR,5,0,79,0,High
SN/2025/0489,Civil,Lagos High Court,South-West,959,30,23,ADR,5,0,199,1,High
SN/2025/0490,Criminal,Lagos High Court,South-West,462,10,10,CNR,7,0,122,1,High
SN/2025/0491,Land/Property,Ogun High Court,South-West,1423,27,22,AWC,3,0,394,1,High
SN/2025/0492,Criminal,Delta High Court,South-South,378,14,7,INP,8,1,43,0,High
SN/2024/0493,Criminal,Lagos High Court,South-West,1142,25,20,SER,7,1,281,1,High
SN/2024/0494,Criminal,FHC Enugu,South-East,717,19,16,AWC,2,0,191,1,High
SN/2025/0495,Land/Property,Oyo High Court,South-West,1200,35,30,AWC,3,0,8,0,High
SN/2026/0496,Civil,NICN Lagos,South-West,892,27,20,INP,3,0,285,1,High
SN/2025/0497,Constitutional/Fundamental Rights,Oyo High Court,South-West,531,15,9,OTH,5,0,98,1,High
SN/2024/0498,Commercial,Ogun High Court,South-West,626,15,12,CNR,6,1,55,0,High
SN/2024/0499,Criminal,Rivers High Court,South-South,897,15,11,SER,7,0,251,1,High
SN/2025/0500,Commercial,Lagos High Court,South-West,832,14,13,SER,3,1,68,0,High
SN/2026/0501,Land/Property,Oyo High Court,South-West,423,8,8,AWC,4,1,9,0,High
SN/2024/0502,Commercial,FHC Enugu,South-East,842,22,12,INP,3,1,11,0,High
SN/2024/0503,Civil,FHC Port Harcourt,South-South,1633,30,24,AME,3,0,531,1,High
SN/2025/0504,Criminal,NICN Lagos,South-West,907,22,15,SER,6,0,181,1,High
SN/2024/0505,Criminal,Edo High Court,South-South,690,24,19,AWC,4,1,106,1,High
SN/2026/0506,Civil,Ogun High Court,South-West,382,10,10,CNR,4,0,99,1,High
SN/2026/0507,Admiralty,NICN Lagos,South-West,174,5,4,CNR,5,1,41,0,High
SN/2026/0508,Commercial,Delta High Court,South-South,878,15,13,INP,4,1,215,1,High
SN/2025/0509,Family/Probate,FHC Enugu,South-East,234,4,2,OTH,4,0,48,0,Moderate
SN/2026/0510,Criminal,FHC Lagos,South-West,1200,25,19,JNA,6,0,149,1,High
SN/2026/0511,Election Petition,Ogun High Court,South-West,232,7,2,AWC,3,1,13,0,High
SN/2024/0512,Civil,Lagos High Court,South-West,1281,30,22,AWC,3,0,7,0,High
SN/2024/0513,Civil,FHC Lagos,South-West,796,13,13,CNR,7,0,150,1,High
SN/2026/0514,Civil,Edo High Court,South-South,1313,25,21,SER,2,0,60,0,High
SN/2024/0515,Family/Probate,Anambra High Court,South-East,519,9,5,AWC,9,1,45,0,High
SN/2025/0516,Civil,Rivers High Court,South-South,1219,30,22,JNA,2,0,260,1,High
SN/2024/0517,Land/Property,FCT High Court,FCT,1119,35,29,AWC,3,1,95,1,High
SN/2026/0518,Criminal,FHC Port Harcourt,South-South,870,15,11,AWC,6,0,186,1,High
SN/2025/0519,Admiralty,Delta High Court,South-South,432,16,9,AWC,6,1,141,1,High
SN/2024/0520,Civil,Lagos High Court,South-West,892,19,11,AME,8,1,115,1,High
SN/2026/0521,Commercial,FHC Kano,North-West,973,22,16,JNA,3,0,227,1,High
SN/2026/0522,Criminal,Ogun High Court,South-West,612,23,16,SER,2,0,173,1,High
SN/2024/0523,Admiralty,Delta High Court,South-South,251,4,2,INP,10,1,70,0,High
SN/2026/0524,Criminal,Oyo High Court,South-West,412,13,9,CNR,4,0,44,0,High
SN/2024/0525,Criminal,FHC Port Harcourt,South-South,262,4,4,JNA,8,0,69,0,High
SN/2026/0526,Constitutional/Fundamental Rights,FHC Kaduna,North-Central,171,5,4,CNR,3,0,17,0,High
SN/2025/0527,Civil,Plateau High Court,North-Central,1052,20,15,JNA,11,0,32,0,High
SN/2026/0528,Civil,FHC Lagos,South-West,1454,26,24,OTH,7,0,286,1,High
SN/2024/0529,Land/Property,Oyo High Court,South-West,1447,35,30,INP,3,0,337,1,High
SN/2025/0530,Land/Property,Sokoto High Court,North-West,441,9,8,CNR,8,0,34,0,High
SN/2026/0531,Criminal,Lagos High Court,South-West,1038,21,15,INP,3,0,236,1,High
SN/2024/0532,Criminal,Edo High Court,South-South,536,9,4,CNR,3,0,67,0,High
SN/2025/0533,Constitutional/Fundamental Rights,Oyo High Court,South-West,307,5,3,INP,5,0,29,0,High
SN/2026/0534,Family/Probate,Ogun High Court,South-West,512,8,5,CNR,2,0,125,1,High
SN/2025/0535,Criminal,Rivers High Court,South-South,833,25,21,CNR,8,0,122,1,High
SN/2025/0536,Civil,Lagos High Court,South-West,992,18,16,AWC,8,0,179,1,High
SN/2024/0537,Criminal,Imo High Court,South-East,1092,20,13,SER,8,0,258,1,High
SN/2026/0538,Land/Property,Rivers High Court,South-South,1879,35,26,OTH,3,0,452,1,High
SN/2024/0539,Land/Property,Bauchi High Court,North-East,586,10,7,AWC,3,0,33,0,High
SN/2026/0540,Commercial,Lagos High Court,South-West,1095,22,17,AWC,5,1,73,0,High
SN/2025/0541,Commercial,FHC Enugu,South-East,898,22,15,INP,3,1,219,1,High
SN/2026/0542,Land/Property,Ogun High Court,South-West,1264,35,31,ADR,5,0,255,1,High
SN/2026/0543,Civil,Imo High Court,South-East,1161,19,17,AME,4,0,355,1,High
SN/2026/0544,Commercial,NICN Lagos,South-West,623,14,7,CNR,4,0,54,0,High
SN/2024/0545,Constitutional/Fundamental Rights,Lagos High Court,South-West,164,3,0,None,4,1,20,0,High
SN/2024/0546,Land/Property,NICN Lagos,South-West,1299,35,32,JNA,7,1,293,1,High
SN/2024/0547,Civil,NICN Lagos,South-West,564,11,11,ADR,8,0,84,0,High
SN/2026/0548,Criminal,Enugu High Court,South-East,799,25,15,AWC,8,0,39,0,High
SN/2025/0549,Criminal,FHC Lagos,South-West,970,25,20,AWC,3,0,208,1,High
SN/2024/0550,Family/Probate,FHC Lagos,South-West,555,15,12,SER,7,0,10,0,High
SN/2024/0551,Constitutional/Fundamental Rights,FHC Kano,North-West,105,2,1,AWC,5,0,34,0,Moderate
SN/2025/0552,Land/Property,FHC Lagos,South-West,1221,22,19,INP,8,0,229,1,High
SN/2024/0553,Land/Property,FHC Lagos,South-West,575,22,19,INP,4,0,18,0,High
SN/2024/0554,Land/Property,FHC Kano,North-West,642,24,20,JNA,11,0,166,1,High
SN/2024/0555,Land/Property,Anambra High Court,South-East,1178,26,22,OTH,6,1,240,1,High
SN/2026/0556,Commercial,NICN Lagos,South-West,510,12,8,SER,6,0,130,1,High
SN/2025/0557,Criminal,Lagos High Court,South-West,706,25,18,AWC,5,0,82,0,High
SN/2025/0558,Commercial,Oyo High Court,South-West,927,22,16,SER,3,0,298,1,High
SN/2024/0559,Civil,FHC Enugu,South-East,1305,30,25,AWC,10,0,390,1,High
SN/2026/0560,Civil,NICN Lagos,South-West,89,1,0,None,7,0,13,0,Low
SN/2026/0561,Criminal,Lagos High Court,South-West,564,16,11,JNA,7,0,53,0,High
SN/2026/0562,Criminal,FHC Port Harcourt,South-South,1226,25,21,ADR,7,0,65,0,High
SN/2024/0563,Civil,Rivers High Court,South-South,1502,29,20,INP,4,0,57,0,High
SN/2024/0564,Family/Probate,Oyo High Court,South-West,400,9,6,AME,5,0,102,1,High
SN/2025/0565,Criminal,Oyo High Court,South-West,807,22,16,AWC,7,0,162,1,High
SN/2026/0566,Civil,FHC Lagos,South-West,1415,30,25,SER,4,0,356,1,High
SN/2024/0567,Civil,Ogun High Court,South-West,1065,30,22,INP,3,1,218,1,High
SN/2024/0568,Criminal,Enugu High Court,South-East,664,20,15,INP,7,0,13,0,High
SN/2026/0569,Civil,Ogun High Court,South-West,932,22,15,JNA,3,1,99,1,High
SN/2026/0570,Land/Property,Lagos High Court,South-West,1320,35,28,JNA,4,0,28,0,High
SN/2024/0571,Civil,Edo High Court,South-South,1132,24,20,INP,10,0,360,1,High
SN/2026/0572,Criminal,FHC Lagos,South-West,705,21,15,AWC,8,1,45,0,High
SN/2026/0573,Constitutional/Fundamental Rights,NICN Lagos,South-West,249,8,7,INP,2,1,81,0,High
SN/2026/0574,Land/Property,FHC Lagos,South-West,769,17,15,CNR,3,0,210,1,High
SN/2025/0575,Land/Property,Rivers High Court,South-South,676,12,10,JNA,4,0,172,1,High
SN/2024/0576,Criminal,Lagos High Court,South-West,930,24,18,CNR,4,0,236,1,High
SN/2025/0577,Civil,NICN Lagos,South-West,1552,30,25,OTH,5,0,75,0,High
SN/2026/0578,Civil,Rivers High Court,South-South,1022,20,17,AME,8,0,136,1,High
SN/2025/0579,Criminal,Oyo High Court,South-West,792,16,13,SER,4,0,28,0,High
SN/2024/0580,Commercial,Imo High Court,South-East,904,22,14,AWC,4,0,31,0,High
SN/2024/0581,Civil,Anambra High Court,South-East,1353,24,19,SER,5,0,151,1,High
SN/2025/0582,Criminal,NICN Lagos,South-West,838,18,13,SER,2,0,79,0,High
SN/2026/0583,Land/Property,FHC Lagos,South-West,762,18,15,OTH,11,0,239,1,High
SN/2024/0584,Civil,Oyo High Court,South-West,737,12,11,JNA,4,0,102,1,High
SN/2025/0585,Criminal,Anambra High Court,South-East,862,23,17,AWC,6,0,120,1,High
SN/2024/0586,Constitutional/Fundamental Rights,Lagos High Court,South-West,547,9,3,SER,6,1,82,0,High
SN/2024/0587,Commercial,Delta High Court,South-South,853,16,13,JNA,6,0,34,0,High
SN/2026/0588,Civil,Katsina High Court,North-West,1244,30,22,CNR,5,0,204,1,High
SN/2024/0589,Constitutional/Fundamental Rights,NICN Lagos,South-West,308,6,5,JNA,6,0,85,0,High
SN/2026/0590,Criminal,NICN Lagos,South-West,1355,24,20,AWC,4,1,8,0,High
SN/2026/0591,Land/Property,FHC Lagos,South-West,527,15,12,OTH,9,0,145,1,High
SN/2026/0592,Civil,Ogun High Court,South-West,1685,30,26,SER,7,1,362,1,High
SN/2024/0593,Civil,FHC Lagos,South-West,1448,30,26,AME,3,0,160,1,High
SN/2024/0594,Election Petition,Oyo High Court,South-West,204,6,1,AWC,6,1,33,0,High
SN/2024/0595,Civil,Edo High Court,South-South,1374,23,17,AWC,4,1,398,1,High
SN/2025/0596,Civil,Lagos High Court,South-West,991,30,21,OTH,5,0,318,1,High
SN/2025/0597,Criminal,Rivers High Court,South-South,623,21,14,INP,6,0,111,1,High
SN/2024/0598,Land/Property,FHC Abuja,FCT,1498,35,29,JNA,5,0,113,1,High
SN/2025/0599,Commercial,Oyo High Court,South-West,1393,22,14,JNA,6,0,408,1,High
SN/2024/0600,Family/Probate,Edo High Court,South-South,560,9,6,SER,4,0,111,1,High
SN/2024/0601,Criminal,Kwara High Court,North-Central,629,14,8,AME,3,0,62,0,High
SN/2026/0602,Election Petition,Oyo High Court,South-West,214,4,3,AWC,6,0,70,0,High
SN/2024/0603,Family/Probate,Enugu High Court,South-East,480,13,8,AWC,9,0,43,0,High
SN/2026/0604,Criminal,FHC Kaduna,North-Central,855,24,15,CNR,4,0,205,1,High
SN/2024/0605,Criminal,FHC Port Harcourt,South-South,511,18,13,AWC,5,0,50,0,High
SN/2026/0606,Land/Property,Oyo High Court,South-West,1848,35,29,JNA,2,0,486,1,High
SN/2026/0607,Commercial,Oyo High Court,South-West,711,21,17,OTH,10,1,143,1,High
SN/2024/0608,Admiralty,Lagos High Court,South-West,504,9,7,AWC,10,0,40,0,High
SN/2026/0609,Constitutional/Fundamental Rights,Borno High Court,North-East,244,6,1,JNA,6,0,23,0,High
SN/2024/0610,Civil,Court of Appeal Abuja,FCT,1258,21,17,AWC,5,1,338,1,High
SN/2024/0611,Civil,FHC Port Harcourt,South-South,1158,30,28,AME,2,0,71,0,High
SN/2026/0612,Civil,Delta High Court,South-South,471,8,8,ADR,6,0,146,1,High
SN/2025/0613,Criminal,NICN Lagos,South-West,374,9,5,INP,5,0,80,0,High
SN/2025/0614,Civil,Oyo High Court,South-West,1746,30,25,CNR,4,0,446,1,High
SN/2026/0615,Land/Property,FHC Port Harcourt,South-South,1932,35,32,OTH,8,0,538,1,High
SN/2026/0616,Commercial,Ogun High Court,South-West,825,22,13,CNR,3,0,9,0,High
SN/2025/0617,Commercial,NICN Lagos,South-West,557,12,7,AWC,10,0,147,1,High
SN/2026/0618,Land/Property,Anambra High Court,South-East,1650,35,31,CNR,2,0,81,0,High
SN/2024/0619,Constitutional/Fundamental Rights,Ogun High Court,South-West,414,13,8,AWC,3,0,75,0,High
SN/2025/0620,Criminal,Rivers High Court,South-South,475,11,6,SER,8,0,72,0,High
SN/2026/0621,Admiralty,Oyo High Court,South-West,558,11,9,INP,2,1,144,1,High
SN/2025/0622,Civil,Adamawa High Court,North-East,865,17,14,AWC,6,0,220,1,High
SN/2026/0623,Commercial,FHC Port Harcourt,South-South,553,13,9,AME,3,1,70,0,High
SN/2025/0624,Family/Probate,Kaduna High Court,North-Central,212,7,1,OTH,6,1,7,0,Moderate
SN/2024/0625,Commercial,FHC Enugu,South-East,696,12,8,ADR,2,0,139,1,High
SN/2025/0626,Constitutional/Fundamental Rights,Oyo High Court,South-West,393,13,7,AWC,3,1,49,0,High
SN/2025/0627,Constitutional/Fundamental Rights,Oyo High Court,South-West,133,2,2,CNR,3,0,36,0,Moderate
SN/2026/0628,Family/Probate,Lagos High Court,South-West,574,10,8,JNA,6,1,82,0,High
SN/2024/0629,Family/Probate,FHC Kaduna,North-Central,168,2,0,None,3,0,12,0,Moderate
SN/2025/0630,Commercial,Katsina High Court,North-West,528,13,9,STR,8,0,133,1,High
SN/2024/0631,Land/Property,Ogun High Court,South-West,1030,19,18,INP,4,0,164,1,High
SN/2024/0632,Civil,Enugu High Court,South-East,357,9,8,INP,8,0,53,0,High
SN/2026/0633,Land/Property,Sokoto High Court,North-West,1315,33,30,INP,4,0,58,0,High
SN/2024/0634,Criminal,FHC Port Harcourt,South-South,901,15,11,ADR,5,0,246,1,High
SN/2025/0635,Civil,FHC Lagos,South-West,922,16,16,JNA,5,0,58,0,High
SN/2026/0636,Constitutional/Fundamental Rights,NICN Lagos,South-West,475,15,10,CNR,4,0,44,0,High
SN/2026/0637,Criminal,Katsina High Court,North-West,778,24,17,ADR,8,1,106,1,High
SN/2024/0638,Civil,Oyo High Court,South-West,996,17,15,AWC,9,0,79,0,High
SN/2026/0639,Commercial,Oyo High Court,South-West,557,10,5,JNA,4,0,95,1,High
SN/2025/0640,Land/Property,Anambra High Court,South-East,1699,35,32,AWC,3,0,10,0,High
SN/2026/0641,Commercial,NICN Lagos,South-West,260,7,5,JNA,5,0,71,0,High
SN/2024/0642,Land/Property,FHC Lagos,South-West,1038,22,21,SER,3,0,202,1,High
SN/2026/0643,Criminal,Rivers High Court,South-South,410,9,8,SER,2,0,49,0,High
SN/2025/0644,Civil,Ogun High Court,South-West,1267,30,24,CNR,8,0,222,1,High
SN/2024/0645,Civil,FHC Lagos,South-West,1763,30,23,JNA,8,1,436,1,High
SN/2026/0646,Commercial,Anambra High Court,South-East,710,21,18,SER,3,1,213,1,High
SN/2025/0647,Family/Probate,FHC Kano,North-West,157,5,1,AWC,10,0,28,0,Moderate
SN/2026/0648,Civil,Oyo High Court,South-West,1262,25,22,AWC,7,0,271,1,High
SN/2025/0649,Family/Probate,Lagos High Court,South-West,558,19,14,JNA,3,0,132,1,High
SN/2026/0650,Commercial,NICN Lagos,South-West,952,22,18,AME,5,0,227,1,High
SN/2024/0651,Criminal,FHC Port Harcourt,South-South,349,9,7,JNA,5,0,89,0,High
SN/2026/0652,Civil,Imo High Court,South-East,1075,24,18,STR,4,0,179,1,High
SN/2025/0653,Civil,Anambra High Court,South-East,405,13,8,AWC,2,0,77,0,High
SN/2024/0654,Commercial,Plateau High Court,North-Central,582,13,9,AWC,10,0,138,1,High
SN/2026/0655,Constitutional/Fundamental Rights,Rivers High Court,South-South,91,1,0,None,8,0,19,0,Low
SN/2025/0656,Commercial,FHC Lagos,South-West,315,8,5,SER,5,1,93,1,High
SN/2026/0657,Criminal,NICN Abuja,FCT,879,25,18,SER,3,1,176,1,High
SN/2025/0658,Civil,Oyo High Court,South-West,986,17,13,CNR,3,0,198,1,High
SN/2025/0659,Civil,Delta High Court,South-South,1268,30,21,INP,8,0,154,1,High
SN/2025/0660,Criminal,Ogun High Court,South-West,323,6,5,INP,9,0,14,0,High
SN/2025/0661,Land/Property,FHC Lagos,South-West,1374,35,28,CNR,5,1,55,0,High
SN/2024/0662,Commercial,Lagos High Court,South-West,1116,22,17,INP,2,0,203,1,High
SN/2024/0663,Family/Probate,Rivers High Court,South-South,168,3,2,AWC,6,0,9,0,Moderate
SN/2024/0664,Criminal,Rivers High Court,South-South,806,16,12,CNR,5,0,244,1,High
SN/2024/0665,Election Petition,NICN Lagos,South-West,120,3,0,None,3,1,14,0,High
SN/2026/0666,Criminal,NICN Lagos,South-West,471,12,11,SER,3,0,107,1,High
SN/2025/0667,Land/Property,Enugu High Court,South-East,1201,35,33,CNR,11,1,4,0,High
SN/2025/0668,Criminal,Rivers High Court,South-South,562,17,12,SER,4,0,47,0,High
SN/2025/0669,Criminal,Oyo High Court,South-West,980,25,21,OTH,6,0,275,1,High
SN/2025/0670,Land/Property,FHC Port Harcourt,South-South,1041,17,14,INP,7,0,104,1,High
SN/2026/0671,Family/Probate,Oyo High Court,South-West,529,8,7,CNR,4,0,38,0,High
SN/2024/0672,Criminal,Oyo High Court,South-West,949,19,13,CNR,2,0,208,1,High
SN/2026/0673,Admiralty,Kano High Court,North-West,288,6,2,CNR,7,0,95,1,High
SN/2026/0674,Civil,NICN Lagos,South-West,1056,23,16,JNA,6,0,169,1,High
SN/2026/0675,Land/Property,Imo High Court,South-East,267,5,3,INP,4,0,49,0,Moderate
SN/2025/0676,Criminal,NICN Lagos,South-West,780,19,15,INP,2,0,36,0,High
SN/2025/0677,Civil,Delta High Court,South-South,1328,30,25,AWC,3,1,74,0,High
SN/2024/0678,Criminal,Enugu High Court,South-East,929,20,13,JNA,8,0,215,1,High
SN/2025/0679,Criminal,Lagos High Court,South-West,343,10,4,AWC,11,0,21,0,High
SN/2026/0680,Family/Probate,Oyo High Court,South-West,479,15,6,INP,5,0,70,0,High
SN/2026/0681,Civil,Rivers High Court,South-South,1231,25,22,INP,5,1,205,1,High
SN/2024/0682,Commercial,Lagos High Court,South-West,488,9,9,JNA,7,0,129,1,High
SN/2026/0683,Civil,Ogun High Court,South-West,1092,30,27,OTH,3,0,282,1,High
SN/2025/0684,Constitutional/Fundamental Rights,Lagos High Court,South-West,378,14,7,SER,8,1,121,1,High
SN/2024/0685,Land/Property,Lagos High Court,South-West,1081,23,18,AWC,3,0,219,1,High
SN/2025/0686,Civil,NICN Lagos,South-West,1449,30,25,INP,3,0,63,0,High
SN/2024/0687,Family/Probate,FHC Lagos,South-West,493,11,5,ADR,4,0,37,0,High
SN/2026/0688,Family/Probate,FHC Port Harcourt,South-South,512,13,5,JNA,8,0,74,0,High
SN/2024/0689,Civil,Oyo High Court,South-West,719,25,20,SER,9,0,197,1,High
SN/2025/0690,Commercial,NICN Lagos,South-West,1345,22,16,AWC,7,1,152,1,High
SN/2024/0691,Family/Probate,Ogun High Court,South-West,379,9,7,SER,5,0,97,1,High
SN/2026/0692,Family/Probate,Oyo High Court,South-West,249,4,2,AWC,4,0,59,0,High
SN/2025/0693,Criminal,Enugu High Court,South-East,918,23,19,JNA,3,0,259,1,High
SN/2026/0694,Civil,Lagos High Court,South-West,1295,22,18,JNA,7,0,30,0,High
SN/2024/0695,Land/Property,FHC Lagos,South-West,1133,33,30,INP,5,1,90,0,High
SN/2025/0696,Admiralty,Lagos High Court,South-West,507,16,11,STR,7,0,21,0,High
SN/2025/0697,Civil,Kaduna High Court,North-Central,1292,22,17,STR,6,0,282,1,High
SN/2026/0698,Land/Property,Enugu High Court,South-East,1179,19,16,INP,10,0,136,1,High
SN/2024/0699,Land/Property,Lagos High Court,South-West,131,2,1,INP,5,0,27,0,Low
SN/2025/0700,Civil,Anambra High Court,South-East,1330,30,23,SER,6,1,438,1,High
SN/2026/0701,Commercial,NICN Lagos,South-West,1061,22,15,JNA,4,0,308,1,High
SN/2026/0702,Criminal,Enugu High Court,South-East,715,22,17,AME,3,0,171,1,High
SN/2025/0703,Civil,FHC Lagos,South-West,1262,25,22,AME,5,0,303,1,High
SN/2024/0704,Criminal,NICN Lagos,South-West,927,18,13,AME,3,1,121,1,High
SN/2025/0705,Election Petition,FHC Lagos,South-West,158,3,2,JNA,10,0,34,0,High
SN/2026/0706,Family/Probate,Ogun High Court,South-West,416,7,4,AWC,5,0,33,0,High
SN/2026/0707,Criminal,Ogun High Court,South-West,1364,25,21,ADR,2,0,90,0,High
SN/2024/0708,Criminal,FHC Kano,North-West,837,20,16,JNA,3,0,238,1,High
SN/2025/0709,Land/Property,FHC Enugu,South-East,1576,35,33,OTH,4,0,102,1,High
SN/2024/0710,Commercial,Edo High Court,South-South,897,21,12,AWC,8,0,290,1,High
SN/2024/0711,Land/Property,Anambra High Court,South-East,1054,32,29,INP,8,0,138,1,High
SN/2024/0712,Family/Probate,Enugu High Court,South-East,330,12,7,OTH,5,0,59,0,High
SN/2024/0713,Civil,FHC Port Harcourt,South-South,1668,30,22,OTH,4,0,439,1,High
SN/2025/0714,Criminal,Delta High Court,South-South,1119,24,20,INP,5,0,199,1,High
SN/2026/0715,Land/Property,Oyo High Court,South-West,1568,31,28,STR,2,1,182,1,High
SN/2025/0716,Criminal,NICN Lagos,South-West,1369,25,19,JNA,6,0,58,0,High
SN/2026/0717,Land/Property,FHC Port Harcourt,South-South,1732,35,30,INP,8,0,146,1,High
SN/2024/0718,Civil,Oyo High Court,South-West,1642,30,23,CNR,6,0,283,1,High
SN/2025/0719,Civil,FHC Enugu,South-East,1361,27,21,STR,2,1,383,1,High
SN/2026/0720,Constitutional/Fundamental Rights,Oyo High Court,South-West,383,10,7,INP,7,0,32,0,High
SN/2025/0721,Family/Probate,Rivers High Court,South-South,404,12,5,SER,3,1,63,0,High
SN/2026/0722,Criminal,NICN Lagos,South-West,474,8,6,AWC,4,0,119,1,High
SN/2025/0723,Admiralty,FHC Lagos,South-West,189,4,1,JNA,3,0,61,0,Moderate
SN/2025/0724,Civil,Enugu High Court,South-East,795,17,10,CNR,3,0,245,1,High
SN/2025/0725,Civil,FHC Lagos,South-West,712,12,8,AWC,7,1,33,0,High
SN/2026/0726,Criminal,Kano High Court,North-West,229,3,1,JNA,7,1,40,0,Moderate
SN/2025/0727,Criminal,Lagos High Court,South-West,1239,25,19,AWC,5,0,219,1,High
SN/2024/0728,Commercial,NICN Lagos,South-West,1148,22,15,SER,6,0,149,1,High
SN/2024/0729,Family/Probate,Edo High Court,South-South,187,6,5,AWC,5,0,42,0,High
SN/2026/0730,Election Petition,Imo High Court,South-East,130,2,1,AWC,6,0,38,0,High
SN/2024/0731,Land/Property,NICN Lagos,South-West,905,34,25,INP,3,0,131,1,High
SN/2025/0732,Criminal,Ogun High Court,South-West,765,17,14,STR,7,0,82,0,High
SN/2025/0733,Criminal,Anambra High Court,South-East,678,11,10,INP,7,0,176,1,High
SN/2024/0734,Land/Property,Lagos High Court,South-West,1484,35,27,JNA,8,0,114,1,High
SN/2025/0735,Land/Property,Enugu High Court,South-East,1172,35,31,JNA,4,1,140,1,High
SN/2025/0736,Civil,FHC Kaduna,North-Central,619,15,13,INP,4,0,14,0,High
SN/2024/0737,Civil,Delta High Court,South-South,188,7,5,AWC,8,0,38,0,High
SN/2025/0738,Criminal,FHC Abuja,FCT,514,17,16,OTH,4,0,127,1,High
SN/2024/0739,Criminal,Ogun High Court,South-West,1155,25,20,CNR,4,0,7,0,High
SN/2024/0740,Civil,Court of Appeal Abuja,FCT,991,24,22,AWC,3,0,39,0,High
SN/2026/0741,Civil,FHC Port Harcourt,South-South,413,10,8,CNR,7,0,135,1,High
SN/2024/0742,Civil,Ogun High Court,South-West,1171,30,28,JNA,6,0,350,1,High
SN/2025/0743,Election Petition,FHC Port Harcourt,South-South,58,1,0,None,4,0,13,0,Moderate
SN/2025/0744,Commercial,Delta High Court,South-South,750,13,12,AWC,7,1,72,0,High
SN/2026/0745,Admiralty,FHC Enugu,South-East,393,9,5,INP,9,0,112,1,High
SN/2024/0746,Land/Property,Oyo High Court,South-West,950,35,30,AWC,5,0,28,0,High
SN/2024/0747,Criminal,FHC Kaduna,North-Central,932,21,14,INP,5,0,107,1,High
SN/2026/0748,Criminal,NICN Lagos,South-West,1041,24,17,INP,3,1,281,1,High
SN/2026/0749,Commercial,Lagos High Court,South-West,1328,22,14,CNR,5,0,397,1,High
SN/2026/0750,Constitutional/Fundamental Rights,Oyo High Court,South-West,328,7,4,AWC,7,0,33,0,High
SN/2025/0751,Civil,FHC Lagos,South-West,1341,30,25,INP,5,0,205,1,High
SN/2024/0752,Family/Probate,FHC Port Harcourt,South-South,605,19,16,CNR,6,0,2,0,High
SN/2026/0753,Commercial,Oyo High Court,South-West,1267,21,12,CNR,2,0,143,1,High
SN/2025/0754,Criminal,Anambra High Court,South-East,774,25,15,JNA,9,0,10,0,High
SN/2024/0755,Land/Property,NICN Lagos,South-West,1235,30,28,INP,9,0,82,0,High
SN/2024/0756,Civil,Katsina High Court,North-West,792,16,13,INP,5,0,108,1,High
SN/2024/0757,Civil,Lagos High Court,South-West,684,14,12,INP,4,0,152,1,High
SN/2025/0758,Constitutional/Fundamental Rights,Kwara High Court,North-Central,266,8,3,CNR,2,0,55,0,High
SN/2026/0759,Commercial,NICN Lagos,South-West,935,19,13,INP,2,0,30,0,High
SN/2024/0760,Civil,NICN Lagos,South-West,1404,30,25,AWC,7,0,251,1,High
SN/2026/0761,Civil,Kaduna High Court,North-Central,381,8,6,CNR,9,0,39,0,High
SN/2025/0762,Constitutional/Fundamental Rights,Kwara High Court,North-Central,96,2,1,AME,7,0,13,0,Low
SN/2026/0763,Civil,FHC Port Harcourt,South-South,1274,24,20,INP,4,0,27,0,High
SN/2024/0764,Criminal,Kwara High Court,North-Central,1231,23,16,INP,5,0,13,0,High
SN/2026/0765,Civil,FHC Lagos,South-West,1689,30,24,AWC,8,0,71,0,High
SN/2024/0766,Family/Probate,Delta High Court,South-South,467,18,13,CNR,4,0,43,0,High
SN/2024/0767,Criminal,NICN Lagos,South-West,1048,18,14,INP,6,0,104,1,High
SN/2026/0768,Civil,Ogun High Court,South-West,1629,30,19,INP,3,0,367,1,High
SN/2024/0769,Criminal,FHC Lagos,South-West,777,16,12,INP,5,1,112,1,High
SN/2025/0770,Family/Probate,Ogun High Court,South-West,457,8,6,AWC,6,1,141,1,High
SN/2025/0771,Criminal,Sokoto High Court,North-West,769,12,9,SER,10,1,185,1,High
SN/2024/0772,Family/Probate,Rivers High Court,South-South,328,7,5,AME,3,1,89,0,High
SN/2026/0773,Land/Property,Edo High Court,South-South,1141,28,26,INP,4,1,329,1,High
SN/2024/0774,Criminal,FHC Lagos,South-West,1159,25,18,INP,3,0,290,1,High
SN/2024/0775,Election Petition,FHC Kano,North-West,106,1,0,None,3,0,18,0,High
SN/2024/0776,Civil,Katsina High Court,North-West,473,12,10,JNA,4,0,30,0,High
SN/2025/0777,Family/Probate,Imo High Court,South-East,429,8,6,AWC,5,0,50,0,High
SN/2025/0778,Criminal,Imo High Court,South-East,871,18,11,AWC,5,0,81,0,High
SN/2024/0779,Commercial,NICN Lagos,South-West,1014,22,17,CNR,4,1,149,1,High
SN/2026/0780,Family/Probate,FHC Kaduna,North-Central,343,9,4,INP,3,0,53,0,High
SN/2026/0781,Family/Probate,Delta High Court,South-South,108,2,2,INP,5,0,35,0,Moderate
SN/2025/0782,Criminal,Enugu High Court,South-East,854,25,21,OTH,4,1,153,1,High
SN/2024/0783,Civil,Edo High Court,South-South,1476,24,19,CNR,6,0,345,1,High
SN/2025/0784,Commercial,Oyo High Court,South-West,566,19,13,AME,10,0,26,0,High
SN/2024/0785,Land/Property,Sokoto High Court,North-West,358,13,10,AME,6,0,115,1,High
SN/2024/0786,Land/Property,FHC Enugu,South-East,1806,35,27,SER,5,0,17,0,High
SN/2025/0787,Civil,Rivers High Court,South-South,1247,28,20,OTH,3,0,61,0,High
SN/2025/0788,Criminal,Delta High Court,South-South,584,15,11,INP,6,1,182,1,High
SN/2025/0789,Land/Property,NICN Lagos,South-West,1261,22,15,AWC,4,0,186,1,High
SN/2026/0790,Criminal,Rivers High Court,South-South,972,25,16,AWC,5,1,257,1,High
SN/2024/0791,Civil,Enugu High Court,South-East,487,16,14,AWC,8,1,30,0,High
SN/2024/0792,Criminal,Edo High Court,South-South,1023,17,12,CNR,8,1,154,1,High
SN/2025/0793,Constitutional/Fundamental Rights,Ogun High Court,South-West,137,3,0,None,9,0,17,0,Moderate
SN/2026/0794,Civil,FHC Lagos,South-West,1375,30,25,ADR,7,0,157,1,High
SN/2026/0795,Civil,Ogun High Court,South-West,1314,30,25,AWC,7,0,83,0,High
SN/2024/0796,Civil,Ogun High Court,South-West,1299,30,23,AWC,4,1,391,1,High
SN/2026/0797,Criminal,Edo High Court,South-South,708,22,19,CNR,7,0,92,1,High
SN/2024/0798,Criminal,FHC Port Harcourt,South-South,545,9,4,AWC,5,0,92,1,High
SN/2026/0799,Criminal,Anambra High Court,South-East,297,6,6,AWC,6,1,75,0,High
SN/2024/0800,Criminal,Delta High Court,South-South,622,12,10,SER,4,0,56,0,High
SN/2025/0801,Criminal,FHC Lagos,South-West,932,16,11,OTH,4,0,220,1,High
SN/2026/0802,Criminal,FHC Enugu,South-East,1033,25,22,INP,3,0,194,1,High
SN/2025/0803,Criminal,NICN Lagos,South-West,587,13,8,STR,6,1,37,0,High
SN/2025/0804,Land/Property,NICN Lagos,South-West,1346,35,29,OTH,4,0,385,1,High
SN/2025/0805,Admiralty,Ogun High Court,South-West,444,9,8,OTH,5,0,108,1,High
SN/2025/0806,Constitutional/Fundamental Rights,Rivers High Court,South-South,318,5,1,ADR,7,0,79,0,High
SN/2025/0807,Criminal,Ogun High Court,South-West,421,9,6,AME,9,0,2,0,High
SN/2024/0808,Admiralty,FHC Kaduna,North-Central,217,7,5,INP,5,0,19,0,High
SN/2026/0809,Land/Property,Enugu High Court,South-East,1715,34,24,INP,9,0,554,1,High
SN/2026/0810,Family/Probate,Rivers High Court,South-South,334,6,1,AWC,10,0,36,0,High
SN/2026/0811,Criminal,Oyo High Court,South-West,856,16,14,STR,3,0,261,1,High
SN/2024/0812,Family/Probate,Lagos High Court,South-West,400,14,13,INP,2,1,4,0,High
SN/2025/0813,Civil,Plateau High Court,North-Central,883,21,15,AWC,5,0,198,1,High
SN/2026/0814,Family/Probate,Delta High Court,South-South,224,8,4,CNR,5,0,57,0,High
SN/2024/0815,Civil,Imo High Court,South-East,1629,30,24,INP,6,0,63,0,High
SN/2024/0816,Commercial,Edo High Court,South-South,950,16,9,CNR,5,0,60,0,High
SN/2025/0817,Civil,Kwara High Court,North-Central,1055,25,20,INP,3,0,324,1,High
SN/2026/0818,Civil,FHC Enugu,South-East,857,16,12,SER,3,0,103,1,High
SN/2025/0819,Commercial,Anambra High Court,South-East,646,13,11,AWC,2,0,39,0,High
SN/2025/0820,Civil,Katsina High Court,North-West,881,17,12,INP,3,0,259,1,High
SN/2025/0821,Civil,NICN Abuja,FCT,836,27,21,SER,4,0,174,1,High
SN/2025/0822,Criminal,Rivers High Court,South-South,934,18,11,AWC,4,1,2,0,High
SN/2026/0823,Civil,Lagos High Court,South-West,1116,19,16,SER,2,0,346,1,High
SN/2024/0824,Criminal,NICN Lagos,South-West,803,16,12,ADR,6,0,149,1,High
SN/2024/0825,Land/Property,Anambra High Court,South-East,733,18,14,CNR,5,0,92,1,High
SN/2024/0826,Land/Property,Enugu High Court,South-East,1066,23,19,AWC,4,0,239,1,High
SN/2026/0827,Admiralty,FHC Lagos,South-West,139,2,1,SER,2,1,5,0,Low
SN/2026/0828,Criminal,FHC Gombe,North-East,735,19,13,SER,3,0,181,1,High
SN/2024/0829,Constitutional/Fundamental Rights,FHC Enugu,South-East,259,9,7,CNR,8,1,36,0,High
SN/2025/0830,Admiralty,FHC Lagos,South-West,500,16,10,JNA,4,0,147,1,High
SN/2024/0831,Civil,Edo High Court,South-South,1493,30,22,INP,3,0,380,1,High
SN/2026/0832,Constitutional/Fundamental Rights,NICN Lagos,South-West,476,8,4,CNR,4,0,131,1,High
SN/2024/0833,Criminal,FHC Port Harcourt,South-South,1038,25,17,CNR,6,0,251,1,High
SN/2025/0834,Land/Property,Ogun High Court,South-West,1905,35,30,CNR,3,0,411,1,High
SN/2024/0835,Civil,Imo High Court,South-East,809,16,14,ADR,2,1,49,0,High
SN/2024/0836,Constitutional/Fundamental Rights,Ogun High Court,South-West,292,5,4,AWC,8,0,26,0,High
SN/2025/0837,Civil,Oyo High Court,South-West,1486,27,21,CNR,2,0,365,1,High
SN/2025/0838,Commercial,NICN Lagos,South-West,1009,17,9,AWC,4,0,206,1,High
SN/2025/0839,Commercial,Delta High Court,South-South,1120,22,18,JNA,8,0,300,1,High
SN/2024/0840,Land/Property,Lagos High Court,South-West,1145,23,20,INP,3,0,248,1,High
SN/2026/0841,Civil,NICN Lagos,South-West,1100,30,27,JNA,6,1,209,1,High
SN/2024/0842,Land/Property,Ogun High Court,South-West,1469,29,27,SER,4,0,5,0,High
SN/2026/0843,Land/Property,Lagos High Court,South-West,1681,28,27,SER,8,0,83,0,High
SN/2025/0844,Land/Property,Edo High Court,South-South,997,21,21,ADR,4,1,13,0,High
SN/2025/0845,Criminal,Rivers High Court,South-South,960,22,15,INP,6,1,96,1,High
SN/2024/0846,Criminal,FHC Lagos,South-West,1289,25,19,OTH,7,0,305,1,High
SN/2026/0847,Criminal,Lagos High Court,South-West,944,25,20,INP,5,0,298,1,High
SN/2026/0848,Land/Property,Ogun High Court,South-West,1504,35,27,CNR,2,0,109,1,High
SN/2025/0849,Family/Probate,NICN Lagos,South-West,159,3,1,AWC,8,0,28,0,Moderate
SN/2025/0850,Family/Probate,Delta High Court,South-South,204,3,1,AWC,5,0,43,0,Moderate
SN/2026/0851,Family/Probate,Lagos High Court,South-West,387,14,10,AWC,5,0,56,0,High
SN/2024/0852,Criminal,Ogun High Court,South-West,1325,25,18,AME,7,0,163,1,High
SN/2025/0853,Civil,Anambra High Court,South-East,190,3,3,INP,10,1,38,0,Moderate
SN/2025/0854,Civil,NICN Lagos,South-West,636,18,17,INP,2,0,31,0,High
SN/2024/0855,Family/Probate,Lagos High Court,South-West,253,8,4,AME,2,0,32,0,High
SN/2026/0856,Civil,Ogun High Court,South-West,605,13,10,AWC,6,0,90,0,High
SN/2026/0857,Criminal,FHC Kaduna,North-Central,1128,25,18,INP,6,1,296,1,High
SN/2024/0858,Criminal,FHC Abuja,FCT,689,17,12,SER,4,0,162,1,High
SN/2024/0859,Civil,Delta High Court,South-South,690,17,15,INP,7,1,159,1,High
SN/2026/0860,Civil,FHC Lagos,South-West,868,16,6,STR,4,0,166,1,High
SN/2026/0861,Commercial,FHC Enugu,South-East,566,19,17,CNR,4,1,180,1,High
SN/2025/0862,Commercial,FHC Kano,North-West,327,9,4,AWC,4,0,54,0,High
SN/2025/0863,Criminal,Ogun High Court,South-West,887,22,17,SER,7,1,176,1,High
SN/2026/0864,Commercial,Sokoto High Court,North-West,1008,22,11,SER,5,0,126,1,High
SN/2025/0865,Land/Property,Rivers High Court,South-South,886,20,16,INP,5,0,199,1,High
SN/2025/0866,Criminal,Oyo High Court,South-West,668,18,16,AWC,3,0,72,0,High
SN/2024/0867,Commercial,Oyo High Court,South-West,1321,22,16,CNR,3,0,15,0,High
SN/2025/0868,Civil,NICN Lagos,South-West,301,5,4,CNR,3,1,41,0,High
SN/2024/0869,Land/Property,Oyo High Court,South-West,1183,22,17,OTH,6,0,344,1,High
SN/2025/0870,Criminal,FHC Lagos,South-West,1002,19,14,CNR,9,0,40,0,High
SN/2024/0871,Civil,FHC Lagos,South-West,1338,25,23,CNR,3,0,147,1,High
SN/2024/0872,Commercial,Delta High Court,South-South,855,14,11,INP,3,0,155,1,High
SN/2024/0873,Civil,Sokoto High Court,North-West,193,3,1,SER,5,1,46,0,Low
SN/2024/0874,Family/Probate,FHC Lagos,South-West,586,10,10,ADR,10,0,137,1,High
SN/2024/0875,Admiralty,Edo High Court,South-South,471,11,5,CNR,4,0,133,1,High
SN/2024/0876,Civil,Delta High Court,South-South,634,11,10,AME,3,1,156,1,High
SN/2025/0877,Criminal,Edo High Court,South-South,1066,25,19,JNA,2,1,209,1,High
SN/2024/0878,Civil,Ogun High Court,South-West,966,17,14,JNA,7,1,215,1,High
SN/2025/0879,Family/Probate,FHC Kaduna,North-Central,164,6,2,AWC,7,0,10,0,Moderate
SN/2024/0880,Constitutional/Fundamental Rights,Oyo High Court,South-West,439,10,5,CNR,9,1,1,0,High
SN/2026/0881,Criminal,Edo High Court,South-South,1044,23,18,JNA,6,1,324,1,High
SN/2026/0882,Commercial,Rivers High Court,South-South,228,4,3,INP,5,0,52,0,Moderate
SN/2026/0883,Admiralty,FCT High Court,FCT,141,2,0,None,5,0,26,0,Low
SN/2024/0884,Criminal,FHC Port Harcourt,South-South,1022,25,18,INP,8,0,229,1,High
SN/2026/0885,Land/Property,Oyo High Court,South-West,909,31,29,CNR,8,0,207,1,High
SN/2024/0886,Family/Probate,Ogun High Court,South-West,421,9,6,AWC,7,0,40,0,High
SN/2026/0887,Criminal,Edo High Court,South-South,995,20,14,JNA,6,0,82,0,High
SN/2024/0888,Civil,NICN Lagos,South-West,1698,30,26,AWC,7,0,63,0,High
SN/2024/0889,Criminal,Rivers High Court,South-South,846,18,12,AME,8,0,141,1,High
SN/2025/0890,Criminal,Ogun High Court,South-West,380,6,4,SER,3,0,34,0,High
SN/2025/0891,Criminal,Oyo High Court,South-West,1240,25,20,AWC,2,0,183,1,High
SN/2025/0892,Commercial,Oyo High Court,South-West,1246,22,16,AWC,5,0,192,1,High
SN/2026/0893,Land/Property,Imo High Court,South-East,1363,29,26,INP,4,0,73,0,High
SN/2025/0894,Land/Property,Kano High Court,North-West,1375,27,23,JNA,7,0,49,0,High
SN/2026/0895,Commercial,Ogun High Court,South-West,1027,22,15,SER,4,1,336,1,High
SN/2026/0896,Criminal,Rivers High Court,South-South,613,11,7,CNR,6,0,11,0,High
SN/2024/0897,Civil,Ogun High Court,South-West,1336,30,26,JNA,4,0,181,1,High
SN/2026/0898,Civil,Oyo High Court,South-West,1253,30,24,OTH,3,0,101,1,High
SN/2026/0899,Admiralty,Lagos High Court,South-West,604,12,7,AWC,7,0,68,0,High
SN/2025/0900,Criminal,NICN Lagos,South-West,1053,25,16,INP,9,0,93,1,High
SN/2026/0901,Civil,Ogun High Court,South-West,651,22,16,INP,5,1,98,1,High
SN/2026/0902,Criminal,Anambra High Court,South-East,738,23,17,JNA,2,0,124,1,High
SN/2024/0903,Land/Property,Oyo High Court,South-West,1578,35,33,OTH,6,0,55,0,High
SN/2024/0904,Family/Probate,Ogun High Court,South-West,186,4,3,INP,3,0,16,0,Moderate
SN/2024/0905,Land/Property,FHC Lagos,South-West,1818,35,31,SER,4,0,91,1,High
SN/2024/0906,Criminal,Kaduna High Court,North-Central,687,11,8,AWC,2,0,116,1,High
SN/2026/0907,Civil,Kwara High Court,North-Central,1177,30,26,SER,2,1,136,1,High
SN/2024/0908,Family/Probate,FHC Lagos,South-West,463,10,6,CNR,7,0,139,1,High
SN/2026/0909,Civil,NICN Abuja,FCT,735,27,21,JNA,7,0,156,1,High
SN/2024/0910,Land/Property,Edo High Court,South-South,287,7,5,CNR,9,0,61,0,High
SN/2024/0911,Commercial,FHC Lagos,South-West,1007,22,17,CNR,9,0,148,1,High
SN/2026/0912,Criminal,Enugu High Court,South-East,367,7,2,OTH,4,0,34,0,High
SN/2026/0913,Constitutional/Fundamental Rights,FHC Port Harcourt,South-South,387,12,9,INP,8,0,74,0,High
SN/2025/0914,Constitutional/Fundamental Rights,Oyo High Court,South-West,440,9,7,OTH,4,0,34,0,High
SN/2025/0915,Criminal,FHC Port Harcourt,South-South,981,24,15,CNR,3,0,40,0,High
SN/2024/0916,Commercial,NICN Lagos,South-West,807,17,15,ADR,3,1,2,0,High
SN/2024/0917,Civil,Ogun High Court,South-West,817,20,18,CNR,9,0,97,1,High
SN/2026/0918,Admiralty,FHC Kano,North-West,169,3,2,AWC,2,0,29,0,Moderate
SN/2026/0919,Criminal,FHC Enugu,South-East,789,18,16,SER,3,1,77,0,High
SN/2024/0920,Criminal,Ogun High Court,South-West,1207,23,13,INP,3,0,240,1,High
SN/2025/0921,Criminal,Oyo High Court,South-West,367,6,4,CNR,4,0,83,0,High
SN/2025/0922,Civil,Oyo High Court,South-West,956,30,22,SER,5,1,34,0,High
SN/2024/0923,Civil,FHC Lagos,South-West,857,27,24,AME,4,0,7,0,High
SN/2025/0924,Civil,Oyo High Court,South-West,1654,30,27,JNA,2,1,57,0,High
SN/2026/0925,Civil,Rivers High Court,South-South,1385,30,24,SER,6,1,241,1,High
SN/2026/0926,Civil,Oyo High Court,South-West,1285,29,21,CNR,2,0,167,1,High
SN/2026/0927,Criminal,NICN Lagos,South-West,785,13,8,AWC,7,1,249,1,High
SN/2025/0928,Criminal,Enugu High Court,South-East,1076,19,12,OTH,6,1,143,1,High
SN/2025/0929,Commercial,FHC Port Harcourt,South-South,677,12,9,INP,2,0,169,1,High
SN/2025/0930,Civil,FHC Lagos,South-West,1145,30,23,CNR,4,0,351,1,High
SN/2024/0931,Constitutional/Fundamental Rights,Kaduna High Court,North-Central,348,7,3,AWC,9,0,21,0,High
SN/2025/0932,Election Petition,Lagos High Court,South-West,281,7,4,SER,2,0,7,0,High
SN/2026/0933,Admiralty,NICN Lagos,South-West,511,8,7,CNR,5,0,98,1,High
SN/2024/0934,Civil,Ogun High Court,South-West,986,19,15,AME,4,0,110,1,High
SN/2025/0935,Family/Probate,FHC Lagos,South-West,103,3,2,JNA,3,0,24,0,Moderate
SN/2025/0936,Land/Property,Lagos High Court,South-West,862,17,16,CNR,5,0,159,1,High
SN/2026/0937,Criminal,Enugu High Court,South-East,1095,25,22,AWC,4,0,168,1,High
SN/2025/0938,Criminal,Delta High Court,South-South,413,7,5,AWC,4,0,12,0,High
SN/2025/0939,Civil,Enugu High Court,South-East,1121,19,17,AME,7,0,145,1,High
SN/2024/0940,Criminal,Delta High Court,South-South,698,15,11,JNA,6,0,68,0,High
SN/2025/0941,Criminal,NICN Lagos,South-West,773,25,20,AWC,3,0,54,0,High
SN/2024/0942,Election Petition,Kano High Court,North-West,113,3,1,INP,4,0,27,0,High
SN/2024/0943,Criminal,Lagos High Court,South-West,1345,25,17,ADR,5,1,118,1,High
SN/2024/0944,Family/Probate,FHC Lagos,South-West,713,20,15,INP,4,0,25,0,High
SN/2024/0945,Civil,FHC Port Harcourt,South-South,305,8,6,JNA,5,0,60,0,High
SN/2026/0946,Criminal,Kaduna High Court,North-Central,231,4,3,OTH,8,0,41,0,Moderate
SN/2025/0947,Land/Property,Kwara High Court,North-Central,1726,35,31,ADR,2,0,185,1,High
SN/2024/0948,Admiralty,Oyo High Court,South-West,552,9,5,AWC,5,0,39,0,High
SN/2026/0949,Commercial,Ogun High Court,South-West,923,22,17,AWC,4,0,61,0,High
SN/2024/0950,Criminal,Anambra High Court,South-East,966,21,15,SER,10,0,299,1,High
SN/2026/0951,Criminal,Rivers High Court,South-South,885,25,15,SER,5,0,193,1,High
SN/2024/0952,Family/Probate,NICN Lagos,South-West,412,12,8,INP,4,0,36,0,High
SN/2024/0953,Family/Probate,FHC Abuja,FCT,107,3,2,INP,5,1,15,0,Moderate
SN/2025/0954,Civil,Anambra High Court,South-East,1017,30,21,ADR,4,0,213,1,High
SN/2026/0955,Land/Property,Edo High Court,South-South,1015,17,15,INP,4,0,29,0,High
SN/2026/0956,Land/Property,Kwara High Court,North-Central,1308,22,19,JNA,9,0,117,1,High
SN/2025/0957,Constitutional/Fundamental Rights,NICN Lagos,South-West,407,6,4,SER,3,1,17,0,High
SN/2025/0958,Election Petition,FHC Lagos,South-West,181,4,0,None,3,1,36,0,High
SN/2025/0959,Criminal,Oyo High Court,South-West,160,6,4,JNA,11,0,33,0,High
SN/2026/0960,Constitutional/Fundamental Rights,Delta High Court,South-South,112,2,0,None,2,0,15,0,Moderate
SN/2025/0961,Civil,Ogun High Court,South-West,666,26,26,JNA,7,0,33,0,High
SN/2025/0962,Criminal,Kaduna High Court,North-Central,560,9,8,STR,6,1,117,1,High
SN/2025/0963,Land/Property,FHC Lagos,South-West,835,14,11,INP,3,0,10,0,High
SN/2024/0964,Civil,FHC Enugu,South-East,918,26,24,INP,3,1,84,0,High
SN/2025/0965,Admiralty,Lagos High Court,South-West,515,16,11,AWC,4,1,84,0,High
SN/2025/0966,Civil,Oyo High Court,South-West,1332,30,23,AWC,4,0,289,1,High
SN/2025/0967,Civil,NICN Lagos,South-West,1543,30,24,SER,2,0,201,1,High
SN/2026/0968,Land/Property,Lagos High Court,South-West,1151,25,21,SER,8,0,75,0,High
SN/2025/0969,Land/Property,FHC Port Harcourt,South-South,638,12,11,OTH,8,0,168,1,High
SN/2024/0970,Civil,Ogun High Court,South-West,1038,30,22,INP,5,0,260,1,High
SN/2025/0971,Civil,FHC Kaduna,North-Central,1293,30,23,INP,5,0,284,1,High
SN/2024/0972,Criminal,Oyo High Court,South-West,985,16,15,CNR,4,0,169,1,High
SN/2025/0973,Family/Probate,Ogun High Court,South-West,435,7,6,INP,9,0,145,1,High
SN/2025/0974,Family/Probate,Lagos High Court,South-West,206,4,1,JNA,7,1,54,0,Moderate
SN/2025/0975,Family/Probate,Kano High Court,North-West,202,6,2,INP,6,1,1,0,Moderate
SN/2025/0976,Civil,Edo High Court,South-South,397,6,6,JNA,9,1,36,0,High
SN/2024/0977,Election Petition,NICN Lagos,South-West,84,1,0,None,2,1,24,0,Moderate
SN/2025/0978,Civil,Delta High Court,South-South,1162,20,15,INP,6,0,307,1,High
SN/2026/0979,Constitutional/Fundamental Rights,FHC Kaduna,North-Central,97,2,0,None,7,0,5,0,Low
SN/2026/0980,Land/Property,FHC Lagos,South-West,1645,35,28,INP,4,0,516,1,High
SN/2025/0981,Family/Probate,Edo High Court,South-South,81,1,0,None,7,0,27,0,Low
SN/2024/0982,Land/Property,Ogun High Court,South-West,2000,35,33,AWC,5,0,435,1,High
SN/2026/0983,Family/Probate,FHC Port Harcourt,South-South,77,2,0,None,4,0,16,0,Low
SN/2026/0984,Land/Property,Oyo High Court,South-West,1368,24,22,STR,4,1,240,1,High
SN/2025/0985,Constitutional/Fundamental Rights,FHC Enugu,South-East,119,3,2,CNR,4,0,19,0,Moderate
SN/2025/0986,Criminal,Anambra High Court,South-East,885,19,17,AWC,9,0,243,1,High
SN/2024/0987,Land/Property,Ogun High Court,South-West,1854,35,30,INP,3,0,386,1,High
SN/2026/0988,Civil,FHC Lagos,South-West,1589,30,29,JNA,2,0,381,1,High
SN/2026/0989,Admiralty,Ogun High Court,South-West,391,9,7,AWC,7,0,51,0,High
SN/2024/0990,Constitutional/Fundamental Rights,Rivers High Court,South-South,115,3,2,JNA,9,0,9,0,Moderate
SN/2024/0991,Civil,Delta High Court,South-South,1230,21,18,OTH,8,1,221,1,High
SN/2025/0992,Civil,NICN Lagos,South-West,695,13,8,INP,5,0,195,1,High
SN/2026/0993,Criminal,FCT High Court,FCT,803,13,8,JNA,3,0,265,1,High
SN/2026/0994,Criminal,Sokoto High Court,North-West,793,15,12,AME,2,0,130,1,High
SN/2024/0995,Civil,Katsina High Court,North-West,235,4,3,AME,10,1,63,0,Moderate
SN/2026/0996,Land/Property,Oyo High Court,South-West,1186,21,20,INP,4,0,41,0,High
SN/2026/0997,Criminal,Kwara High Court,North-Central,309,9,5,SER,5,0,69,0,High
SN/2026/0998,Election Petition,Plateau High Court,North-Central,54,1,1,JNA,8,1,18,0,Moderate
SN/2025/0999,Civil,Oyo High Court,South-West,596,23,17,INP,10,0,2,0,High
SN/2026/1000,Civil,Enugu High Court,South-East,1024,19,14,AWC,3,0,326,1,High
SN/2025/1001,Criminal,Ogun High Court,South-West,1280,22,15,AWC,7,0,402,1,High
SN/2025/1002,Land/Property,Delta High Court,South-South,1652,27,21,JNA,8,0,432,1,High
SN/2024/1003,Civil,Sokoto High Court,North-West,350,6,5,ADR,5,0,49,0,High
SN/2024/1004,Criminal,FHC Lagos,South-West,333,5,2,INP,3,0,108,1,High
SN/2026/1005,Civil,Delta High Court,South-South,1083,30,25,JNA,9,0,68,0,High
SN/2025/1006,Commercial,Oyo High Court,South-West,396,9,6,SER,2,0,96,1,High
SN/2026/1007,Criminal,Delta High Court,South-South,460,8,7,AWC,9,1,93,1,High
SN/2025/1008,Criminal,Lagos High Court,South-West,1212,25,18,AWC,7,0,79,0,High
SN/2026/1009,Criminal,Rivers High Court,South-South,1236,25,20,AWC,2,0,157,1,High
SN/2025/1010,Land/Property,Kano High Court,North-West,1181,23,20,INP,9,0,36,0,High
SN/2026/1011,Commercial,Enugu High Court,South-East,1174,22,14,CNR,4,0,184,1,High
SN/2024/1012,Civil,Oyo High Court,South-West,822,16,13,AWC,8,0,106,1,High
SN/2025/1013,Commercial,Lagos High Court,South-West,801,22,16,AWC,3,1,208,1,High
SN/2025/1014,Family/Probate,Plateau High Court,North-Central,342,6,2,AME,5,1,109,1,High
SN/2025/1015,Commercial,Kwara High Court,North-Central,891,22,13,AWC,2,0,121,1,High
SN/2025/1016,Civil,Edo High Court,South-South,1382,30,29,AWC,4,1,102,1,High
SN/2025/1017,Civil,Enugu High Court,South-East,1177,22,15,INP,4,0,346,1,High
SN/2026/1018,Criminal,Oyo High Court,South-West,1382,25,17,AWC,7,1,16,0,High
SN/2024/1019,Criminal,Ogun High Court,South-West,368,11,5,CNR,5,1,54,0,High
SN/2026/1020,Constitutional/Fundamental Rights,Ogun High Court,South-West,424,7,5,INP,3,1,122,1,High
SN/2026/1021,Civil,FHC Lagos,South-West,812,19,13,CNR,8,0,264,1,High
SN/2026/1022,Criminal,Lagos High Court,South-West,693,16,13,ADR,3,0,229,1,High
SN/2025/1023,Commercial,Ogun High Court,South-West,1251,22,17,AWC,7,0,269,1,High
SN/2024/1024,Land/Property,NICN Abuja,FCT,1262,35,31,AWC,5,0,324,1,High
SN/2025/1025,Criminal,Rivers High Court,South-South,889,17,13,JNA,4,1,158,1,High
SN/2025/1026,Land/Property,Oyo High Court,South-West,1946,35,31,JNA,6,0,487,1,High
SN/2026/1027,Criminal,Ogun High Court,South-West,822,20,15,AWC,3,0,200,1,High
SN/2024/1028,Criminal,Bauchi High Court,North-East,659,16,12,CNR,3,0,143,1,High
SN/2026/1029,Land/Property,NICN Lagos,South-West,618,11,7,CNR,4,0,198,1,High
SN/2024/1030,Criminal,Delta High Court,South-South,527,14,11,AWC,4,0,49,0,High
SN/2026/1031,Criminal,Kaduna High Court,North-Central,839,15,13,SER,6,1,216,1,High
SN/2024/1032,Civil,FHC Lagos,South-West,1350,30,25,JNA,5,1,109,1,High
SN/2025/1033,Criminal,Oyo High Court,South-West,758,14,12,AWC,6,1,77,0,High
SN/2025/1034,Criminal,Ogun High Court,South-West,1092,25,21,CNR,4,0,213,1,High
SN/2024/1035,Land/Property,Ogun High Court,South-West,1152,26,21,AWC,2,1,309,1,High
SN/2025/1036,Civil,FHC Port Harcourt,South-South,1401,27,21,ADR,3,0,385,1,High
SN/2025/1037,Family/Probate,FHC Lagos,South-West,391,11,2,CNR,5,0,100,1,High
SN/2026/1038,Election Petition,Delta High Court,South-South,225,6,1,INP,7,0,52,0,High
SN/2025/1039,Criminal,Rivers High Court,South-South,994,25,19,INP,4,0,196,1,High
SN/2026/1040,Criminal,Kano High Court,North-West,549,13,11,JNA,10,0,105,1,High
SN/2024/1041,Constitutional/Fundamental Rights,Lagos High Court,South-West,513,15,9,AWC,5,0,124,1,High
SN/2024/1042,Criminal,Lagos High Court,South-West,953,17,11,AWC,2,0,304,1,High
SN/2025/1043,Land/Property,NICN Lagos,South-West,1326,25,18,CNR,3,1,289,1,High
SN/2024/1044,Criminal,Katsina High Court,North-West,786,13,11,OTH,3,1,118,1,High
SN/2025/1045,Land/Property,NICN Abuja,FCT,1409,33,29,AME,8,0,361,1,High
SN/2026/1046,Land/Property,FHC Lagos,South-West,539,15,13,AME,8,0,20,0,High
SN/2026/1047,Constitutional/Fundamental Rights,Ogun High Court,South-West,361,6,3,AWC,6,0,43,0,High
SN/2025/1048,Commercial,FHC Kano,North-West,576,12,11,INP,4,0,167,1,High
SN/2025/1049,Criminal,Kwara High Court,North-Central,917,25,18,SER,4,0,277,1,High
SN/2024/1050,Family/Probate,Ogun High Court,South-West,209,3,2,OTH,6,0,6,0,Moderate
SN/2025/1051,Civil,FHC Port Harcourt,South-South,1498,30,20,SER,3,1,140,1,High
SN/2026/1052,Criminal,Kwara High Court,North-Central,406,13,11,SER,3,1,125,1,High
SN/2026/1053,Land/Property,Delta High Court,South-South,1529,27,23,AME,7,0,186,1,High
SN/2025/1054,Admiralty,Ogun High Court,South-West,455,8,7,INP,3,0,52,0,High
SN/2025/1055,Commercial,Enugu High Court,South-East,695,11,10,SER,5,0,127,1,High
SN/2025/1056,Land/Property,FHC Port Harcourt,South-South,1196,35,30,JNA,5,0,350,1,High
SN/2025/1057,Commercial,Edo High Court,South-South,1319,22,16,SER,9,0,60,0,High
SN/2025/1058,Criminal,NICN Lagos,South-West,783,13,9,CNR,4,1,61,0,High
SN/2024/1059,Commercial,NICN Lagos,South-West,743,18,11,OTH,7,0,33,0,High
SN/2024/1060,Constitutional/Fundamental Rights,NICN Lagos,South-West,484,15,9,AWC,4,0,102,1,High
SN/2024/1061,Civil,Kwara High Court,North-Central,535,11,7,INP,3,0,31,0,High
SN/2026/1062,Family/Probate,FHC Kaduna,North-Central,154,2,1,SER,3,0,41,0,Moderate
SN/2024/1063,Land/Property,Imo High Court,South-East,1647,32,29,AWC,5,0,305,1,High
SN/2024/1064,Civil,Oyo High Court,South-West,1097,30,19,AME,10,0,293,1,High
SN/2025/1065,Constitutional/Fundamental Rights,Delta High Court,South-South,443,11,9,AWC,4,0,15,0,High
SN/2026/1066,Civil,NICN Lagos,South-West,657,19,15,AWC,8,0,210,1,High
SN/2025/1067,Civil,NICN Lagos,South-West,1211,25,19,INP,7,0,305,1,High
SN/2025/1068,Family/Probate,Ogun High Court,South-West,435,11,4,AME,6,0,34,0,High
SN/2024/1069,Civil,FHC Kano,North-West,944,30,25,AME,2,1,108,1,High
SN/2025/1070,Commercial,FCT High Court,FCT,1012,22,12,SER,3,0,70,0,High
SN/2025/1071,Family/Probate,FHC Enugu,South-East,249,8,3,CNR,5,0,77,0,High
SN/2024/1072,Criminal,Imo High Court,South-East,799,17,11,JNA,7,0,210,1,High
SN/2025/1073,Civil,FHC Enugu,South-East,1113,27,18,INP,6,0,6,0,High
SN/2026/1074,Family/Probate,FHC Lagos,South-West,362,6,3,JNA,4,0,35,0,High
SN/2025/1075,Commercial,FHC Abuja,FCT,1041,22,15,SER,4,0,137,1,High
SN/2025/1076,Commercial,NICN Abuja,FCT,1148,22,15,AME,3,1,205,1,High
SN/2024/1077,Criminal,Delta High Court,South-South,740,16,11,AWC,6,0,180,1,High
SN/2026/1078,Land/Property,FHC Lagos,South-West,833,14,11,JNA,8,0,270,1,High
SN/2026/1079,Commercial,Imo High Court,South-East,712,16,10,CNR,4,0,135,1,High
SN/2026/1080,Civil,Ogun High Court,South-West,848,14,13,JNA,3,0,167,1,High
SN/2025/1081,Land/Property,Sokoto High Court,North-West,1106,35,30,CNR,2,0,364,1,High
SN/2025/1082,Commercial,Plateau High Court,North-Central,648,13,9,AWC,9,0,199,1,High
SN/2026/1083,Criminal,Lagos High Court,South-West,452,14,8,AWC,4,0,87,0,High
SN/2024/1084,Criminal,Edo High Court,South-South,744,13,7,CNR,5,0,92,1,High
SN/2024/1085,Commercial,Rivers High Court,South-South,647,12,9,INP,2,0,175,1,High
SN/2026/1086,Land/Property,FHC Lagos,South-West,1154,19,18,SER,9,0,256,1,High
SN/2025/1087,Constitutional/Fundamental Rights,Katsina High Court,North-West,241,5,2,INP,9,0,13,0,High
SN/2025/1088,Civil,Oyo High Court,South-West,942,17,17,SER,7,0,223,1,High
SN/2026/1089,Land/Property,Edo High Court,South-South,1492,33,28,OTH,5,0,63,0,High
SN/2026/1090,Criminal,FHC Abuja,FCT,1121,25,17,INP,4,0,167,1,High
SN/2025/1091,Land/Property,Ogun High Court,South-West,1461,35,30,CNR,6,0,412,1,High
SN/2025/1092,Land/Property,Delta High Court,South-South,1474,33,30,SER,9,0,393,1,High
SN/2025/1093,Land/Property,Edo High Court,South-South,1405,28,23,OTH,3,0,23,0,High
SN/2025/1094,Land/Property,FHC Port Harcourt,South-South,1452,35,33,AWC,3,0,47,0,High
SN/2024/1095,Land/Property,Oyo High Court,South-West,2000,35,32,INP,4,0,324,1,High
SN/2024/1096,Criminal,Sokoto High Court,North-West,569,16,11,CNR,6,1,119,1,High
SN/2026/1097,Family/Probate,FHC Lagos,South-West,479,12,6,CNR,4,1,97,1,High
SN/2024/1098,Criminal,NICN Lagos,South-West,1019,25,21,AME,4,0,182,1,High
SN/2024/1099,Civil,FHC Abuja,FCT,1105,30,21,SER,4,1,333,1,High
SN/2024/1100,Commercial,Lagos High Court,South-West,412,9,8,JNA,5,0,127,1,High
SN/2024/1101,Land/Property,FHC Enugu,South-East,901,30,24,CNR,6,1,23,0,High
SN/2024/1102,Criminal,FHC Lagos,South-West,1303,25,20,AWC,2,1,103,1,High
SN/2025/1103,Commercial,FHC Lagos,South-West,513,13,12,JNA,5,0,123,1,High
SN/2025/1104,Civil,Edo High Court,South-South,1090,30,25,AWC,4,0,339,1,High
SN/2025/1105,Family/Probate,NICN Lagos,South-West,241,8,7,INP,4,0,19,0,High
SN/2024/1106,Land/Property,Anambra High Court,South-East,832,18,14,ADR,6,0,55,0,High
SN/2026/1107,Criminal,Ogun High Court,South-West,763,14,8,JNA,3,1,217,1,High
SN/2024/1108,Civil,Ogun High Court,South-West,804,18,13,INP,3,0,64,0,High
SN/2025/1109,Criminal,FHC Port Harcourt,South-South,1051,25,18,INP,4,0,39,0,High
SN/2026/1110,Family/Probate,Oyo High Court,South-West,180,5,4,INP,3,0,34,0,High
SN/2026/1111,Civil,Borno High Court,North-East,827,20,14,JNA,3,0,60,0,High
SN/2026/1112,Land/Property,Oyo High Court,South-West,1849,35,29,JNA,3,0,335,1,High
SN/2026/1113,Constitutional/Fundamental Rights,Adamawa High Court,North-East,260,5,3,JNA,8,1,8,0,High
SN/2025/1114,Criminal,Rivers High Court,South-South,1029,23,14,CNR,4,1,230,1,High
SN/2025/1115,Civil,Delta High Court,South-South,1357,28,22,SER,6,0,75,0,High
SN/2024/1116,Commercial,Oyo High Court,South-West,550,14,7,AWC,5,1,142,1,High
SN/2025/1117,Civil,Oyo High Court,South-West,1493,25,21,INP,5,1,4,0,High
SN/2024/1118,Election Petition,FCT High Court,FCT,165,3,1,INP,5,0,26,0,High
SN/2025/1119,Civil,NICN Lagos,South-West,1514,30,26,INP,3,1,441,1,High
SN/2024/1120,Family/Probate,Rivers High Court,South-South,340,13,7,SER,8,0,23,0,High
SN/2024/1121,Civil,Oyo High Court,South-West,1089,19,12,STR,3,1,311,1,High
SN/2026/1122,Election Petition,Rivers High Court,South-South,218,7,2,AWC,3,0,13,0,High
SN/2024/1123,Criminal,FHC Lagos,South-West,1134,22,17,AWC,6,0,144,1,High
SN/2024/1124,Land/Property,Ogun High Court,South-West,797,22,20,INP,7,0,238,1,High
SN/2026/1125,Civil,Lagos High Court,South-West,1553,30,26,CNR,8,0,468,1,High
SN/2025/1126,Criminal,Rivers High Court,South-South,1179,24,18,INP,2,0,265,1,High
SN/2024/1127,Commercial,Lagos High Court,South-West,293,7,4,INP,6,0,97,1,High
SN/2025/1128,Criminal,Lagos High Court,South-West,1205,25,14,SER,4,1,228,1,High
SN/2025/1129,Civil,Lagos High Court,South-West,996,17,14,AWC,2,1,238,1,High
SN/2026/1130,Criminal,Oyo High Court,South-West,1042,21,14,CNR,6,0,257,1,High
SN/2024/1131,Criminal,NICN Lagos,South-West,754,21,14,AWC,7,0,187,1,High
SN/2025/1132,Civil,FHC Port Harcourt,South-South,1362,25,21,INP,3,0,402,1,High
SN/2026/1133,Constitutional/Fundamental Rights,Ogun High Court,South-West,432,8,6,JNA,3,1,22,0,High
SN/2024/1134,Commercial,Edo High Court,South-South,951,15,12,CNR,5,0,262,1,High
SN/2025/1135,Constitutional/Fundamental Rights,Ogun High Court,South-West,250,5,4,JNA,2,0,81,0,High
SN/2024/1136,Civil,Ogun High Court,South-West,1126,30,21,JNA,4,0,72,0,High
SN/2026/1137,Commercial,Kano High Court,North-West,902,22,11,INP,2,1,31,0,High
SN/2026/1138,Family/Probate,NICN Lagos,South-West,418,9,7,AME,5,0,107,1,High
SN/2024/1139,Constitutional/Fundamental Rights,Edo High Court,South-South,412,11,2,AME,4,1,59,0,High
SN/2024/1140,Constitutional/Fundamental Rights,Ogun High Court,South-West,245,5,3,INP,7,0,36,0,High
SN/2026/1141,Constitutional/Fundamental Rights,Edo High Court,South-South,162,5,2,ADR,6,0,35,0,High
SN/2025/1142,Criminal,Ogun High Court,South-West,807,21,12,JNA,7,0,41,0,High
SN/2024/1143,Criminal,FHC Enugu,South-East,591,19,13,CNR,3,0,57,0,High
SN/2024/1144,Land/Property,Ogun High Court,South-West,1209,22,17,SER,2,1,78,0,High
SN/2026/1145,Land/Property,FHC Kano,North-West,515,10,8,AWC,7,0,160,1,High
SN/2024/1146,Constitutional/Fundamental Rights,Lagos High Court,South-West,341,7,2,STR,3,1,44,0,High
SN/2026/1147,Family/Probate,Imo High Court,South-East,193,7,4,JNA,4,0,44,0,High
SN/2025/1148,Civil,Lagos High Court,South-West,1339,30,23,AWC,7,0,367,1,High
SN/2025/1149,Admiralty,FHC Lagos,South-West,508,10,5,SER,2,0,112,1,High
SN/2026/1150,Admiralty,Ogun High Court,South-West,507,10,7,CNR,3,0,153,1,High
SN/2026/1151,Constitutional/Fundamental Rights,NICN Abuja,FCT,554,13,11,ADR,3,1,57,0,High
SN/2024/1152,Family/Probate,Court of Appeal Abuja,FCT,610,11,7,CNR,7,1,60,0,High
SN/2026/1153,Criminal,FHC Lagos,South-West,141,3,1,ADR,7,1,42,0,Low
SN/2024/1154,Admiralty,Kano High Court,North-West,310,11,5,OTH,4,0,57,0,High
SN/2026/1155,Commercial,FHC Lagos,South-West,752,12,8,INP,4,0,170,1,High
SN/2024/1156,Commercial,FHC Lagos,South-West,1115,22,18,SER,5,0,215,1,High
SN/2026/1157,Land/Property,Oyo High Court,South-West,670,20,16,ADR,5,0,212,1,High
SN/2025/1158,Family/Probate,FHC Port Harcourt,South-South,328,12,6,ADR,7,0,48,0,High
SN/2025/1159,Civil,Ogun High Court,South-West,1019,22,19,CNR,6,0,21,0,High
SN/2024/1160,Criminal,FHC Kaduna,North-Central,596,13,9,AWC,6,0,62,0,High
SN/2026/1161,Commercial,Lagos High Court,South-West,1358,22,17,AWC,5,0,46,0,High
SN/2025/1162,Civil,FHC Port Harcourt,South-South,1682,30,24,AME,6,0,141,1,High
SN/2025/1163,Civil,Lagos High Court,South-West,1235,30,23,SER,3,0,371,1,High
SN/2024/1164,Criminal,Lagos High Court,South-West,624,15,14,INP,8,0,73,0,High
SN/2024/1165,Commercial,Lagos High Court,South-West,610,17,10,INP,7,1,159,1,High
SN/2026/1166,Criminal,NICN Lagos,South-West,906,18,13,AWC,4,0,174,1,High
SN/2025/1167,Criminal,Delta High Court,South-South,552,11,6,JNA,7,0,165,1,High
SN/2024/1168,Commercial,FHC Lagos,South-West,625,11,10,CNR,7,0,171,1,High
SN/2026/1169,Commercial,Borno High Court,North-East,339,5,2,SER,4,1,1,0,High
SN/2025/1170,Criminal,FHC Port Harcourt,South-South,521,15,10,CNR,6,1,41,0,High
SN/2026/1171,Commercial,NICN Lagos,South-West,1444,22,14,CNR,5,0,237,1,High
SN/2025/1172,Criminal,FHC Kano,North-West,495,9,4,INP,4,1,31,0,High
SN/2025/1173,Criminal,Rivers High Court,South-South,971,25,20,OTH,3,1,136,1,High
SN/2026/1174,Constitutional/Fundamental Rights,Edo High Court,South-South,236,4,4,AWC,4,1,24,0,High
SN/2025/1175,Criminal,Lagos High Court,South-West,793,25,23,ADR,5,0,151,1,High
SN/2025/1176,Land/Property,Rivers High Court,South-South,1405,32,28,CNR,6,0,424,1,High
SN/2024/1177,Commercial,Kwara High Court,North-Central,291,5,3,STR,10,0,14,0,High
SN/2026/1178,Constitutional/Fundamental Rights,Edo High Court,South-South,410,14,10,STR,3,1,63,0,High
SN/2026/1179,Family/Probate,Plateau High Court,North-Central,448,9,7,AWC,3,1,102,1,High
SN/2024/1180,Criminal,FHC Lagos,South-West,1180,24,17,AME,6,0,348,1,High
SN/2024/1181,Criminal,Delta High Court,South-South,692,22,19,OTH,4,0,227,1,High
SN/2026/1182,Criminal,Ogun High Court,South-West,1055,25,19,AME,5,0,145,1,High
SN/2026/1183,Land/Property,Oyo High Court,South-West,921,24,19,AWC,4,0,52,0,High
SN/2024/1184,Civil,NICN Lagos,South-West,1197,20,15,AWC,8,0,345,1,High
SN/2025/1185,Criminal,Edo High Court,South-South,358,9,8,SER,5,0,79,0,High
SN/2025/1186,Criminal,Katsina High Court,North-West,915,23,20,AME,3,0,101,1,High
SN/2024/1187,Criminal,NICN Lagos,South-West,811,25,19,JNA,2,0,42,0,High
SN/2026/1188,Land/Property,Lagos High Court,South-West,1858,35,31,INP,3,1,362,1,High
SN/2024/1189,Land/Property,NICN Lagos,South-West,1298,31,27,SER,4,0,309,1,High
SN/2024/1190,Land/Property,FHC Lagos,South-West,1618,35,28,STR,9,1,298,1,High
SN/2025/1191,Criminal,Imo High Court,South-East,775,21,18,INP,3,0,257,1,High
SN/2024/1192,Civil,Enugu High Court,South-East,1066,22,18,AWC,4,1,40,0,High
SN/2024/1193,Criminal,Ogun High Court,South-West,687,11,7,AWC,4,0,100,1,High
SN/2024/1194,Civil,NICN Lagos,South-West,856,21,19,INP,2,0,27,0,High
SN/2026/1195,Civil,FHC Kaduna,North-Central,1474,30,24,CNR,4,0,182,1,High
SN/2025/1196,Civil,Edo High Court,South-South,1393,30,26,CNR,10,0,414,1,High
SN/2025/1197,Commercial,NICN Lagos,South-West,927,22,17,STR,3,0,299,1,High
SN/2025/1198,Civil,Enugu High Court,South-East,821,22,16,AWC,9,0,149,1,High
SN/2026/1199,Land/Property,Lagos High Court,South-West,1104,30,26,CNR,4,0,114,1,High
SN/2024/1200,Criminal,Oyo High Court,South-West,1065,25,20,AWC,5,0,314,1,High
SN/2026/1201,Commercial,FHC Lagos,South-West,542,9,7,AME,2,1,5,0,High
SN/2024/1202,Criminal,Oyo High Court,South-West,944,25,18,INP,7,1,26,0,High
SN/2025/1203,Criminal,Edo High Court,South-South,572,21,17,SER,4,0,77,0,High
SN/2025/1204,Civil,Oyo High Court,South-West,1285,21,15,JNA,4,0,83,0,High
SN/2026/1205,Civil,NICN Lagos,South-West,1423,25,21,INP,3,0,438,1,High
SN/2025/1206,Civil,Ogun High Court,South-West,1063,30,24,JNA,3,1,340,1,High
SN/2024/1207,Civil,Katsina High Court,North-West,1164,30,22,OTH,8,0,290,1,High
SN/2025/1208,Family/Probate,FHC Lagos,South-West,397,10,7,ADR,9,0,96,1,High
SN/2026/1209,Criminal,Oyo High Court,South-West,422,8,6,INP,5,0,130,1,High
SN/2025/1210,Civil,Oyo High Court,South-West,874,26,23,CNR,6,1,269,1,High
SN/2024/1211,Criminal,FHC Lagos,South-West,880,25,20,AME,10,1,167,1,High
SN/2026/1212,Criminal,Ogun High Court,South-West,438,9,6,JNA,5,0,36,0,High
SN/2025/1213,Civil,Anambra High Court,South-East,507,8,7,AWC,6,0,78,0,High
SN/2024/1214,Criminal,Enugu High Court,South-East,931,25,20,JNA,4,0,128,1,High
SN/2026/1215,Civil,Rivers High Court,South-South,427,8,7,SER,5,0,130,1,High
SN/2025/1216,Constitutional/Fundamental Rights,Kaduna High Court,North-Central,187,4,4,AWC,8,0,54,0,High
SN/2026/1217,Constitutional/Fundamental Rights,Enugu High Court,South-East,392,7,2,STR,10,0,68,0,High
SN/2026/1218,Criminal,Ogun High Court,South-West,802,19,14,AWC,9,0,187,1,High
SN/2025/1219,Civil,Lagos High Court,South-West,1421,30,24,CNR,4,0,115,1,High
SN/2025/1220,Civil,FHC Port Harcourt,South-South,1223,24,18,JNA,7,0,258,1,High
SN/2025/1221,Criminal,Oyo High Court,South-West,1168,25,17,AWC,5,0,201,1,High
SN/2026/1222,Family/Probate,Plateau High Court,North-Central,267,4,1,CNR,3,1,74,0,High
SN/2024/1223,Land/Property,FHC Port Harcourt,South-South,720,24,22,JNA,7,1,198,1,High
SN/2026/1224,Civil,FHC Port Harcourt,South-South,1600,30,24,SER,3,0,249,1,High
SN/2025/1225,Criminal,Anambra High Court,South-East,602,21,13,OTH,11,0,113,1,High
SN/2026/1226,Civil,Katsina High Court,North-West,986,30,23,AWC,8,1,215,1,High
SN/2026/1227,Land/Property,Lagos High Court,South-West,1843,35,30,INP,3,1,212,1,High
SN/2026/1228,Criminal,NICN Lagos,South-West,909,25,16,CNR,6,0,237,1,High
SN/2025/1229,Civil,Delta High Court,South-South,1753,30,25,AME,2,0,282,1,High
SN/2026/1230,Criminal,Delta High Court,South-South,1049,18,14,INP,4,0,258,1,High
SN/2025/1231,Land/Property,Lagos High Court,South-West,1456,27,23,AWC,5,0,53,0,High
SN/2025/1232,Civil,Enugu High Court,South-East,222,3,2,CNR,7,0,64,0,Moderate
SN/2024/1233,Land/Property,FHC Lagos,South-West,1073,19,18,CNR,9,0,194,1,High
SN/2025/1234,Land/Property,Anambra High Court,South-East,648,25,23,AWC,4,0,140,1,High
SN/2024/1235,Civil,Delta High Court,South-South,690,24,18,INP,4,0,87,0,High
SN/2025/1236,Land/Property,Kaduna High Court,North-Central,517,12,12,AWC,10,0,19,0,High
SN/2024/1237,Criminal,NICN Lagos,South-West,1310,25,17,CNR,6,0,404,1,High
SN/2025/1238,Civil,Ogun High Court,South-West,1283,22,18,CNR,7,0,30,0,High
SN/2025/1239,Civil,FHC Gombe,North-East,726,27,23,AWC,4,0,97,1,High
SN/2025/1240,Criminal,Delta High Court,South-South,665,24,21,CNR,4,1,111,1,High
SN/2026/1241,Constitutional/Fundamental Rights,Lagos High Court,South-West,389,9,8,INP,6,0,59,0,High
SN/2025/1242,Criminal,Edo High Court,South-South,662,13,8,AME,5,0,117,1,High
SN/2025/1243,Civil,FHC Port Harcourt,South-South,376,7,4,INP,8,0,122,1,High
SN/2024/1244,Civil,Rivers High Court,South-South,1415,30,24,INP,5,1,211,1,High
SN/2026/1245,Criminal,Rivers High Court,South-South,1001,24,15,STR,2,0,52,0,High
SN/2026/1246,Land/Property,NICN Lagos,South-West,1951,35,32,CNR,3,0,516,1,High
SN/2025/1247,Family/Probate,Plateau High Court,North-Central,426,8,5,JNA,5,0,106,1,High
SN/2026/1248,Commercial,Ogun High Court,South-West,1243,22,10,AWC,6,0,115,1,High
SN/2026/1249,Criminal,Katsina High Court,North-West,877,25,19,ADR,6,1,281,1,High
SN/2025/1250,Constitutional/Fundamental Rights,FHC Enugu,South-East,153,2,1,AWC,4,1,5,0,Moderate
SN/2025/1251,Election Petition,NICN Lagos,South-West,161,2,1,INP,2,0,52,0,High
SN/2026/1252,Civil,FCT High Court,FCT,1107,30,26,CNR,3,1,86,0,High
SN/2024/1253,Constitutional/Fundamental Rights,FHC Lagos,South-West,70,1,1,OTH,5,0,15,0,Low
SN/2026/1254,Criminal,FHC Enugu,South-East,1105,19,15,INP,3,1,345,1,High
SN/2025/1255,Commercial,NICN Lagos,South-West,1106,19,15,CNR,5,1,89,0,High
SN/2024/1256,Criminal,Ogun High Court,South-West,836,17,14,AME,7,0,231,1,High
SN/2024/1257,Civil,Lagos High Court,South-West,980,30,21,AME,9,0,280,1,High
SN/2026/1258,Criminal,Edo High Court,South-South,242,4,1,INP,10,0,44,0,Moderate
SN/2025/1259,Commercial,FHC Lagos,South-West,1134,22,20,AME,4,1,235,1,High
SN/2026/1260,Commercial,Ogun High Court,South-West,1132,22,18,INP,2,1,257,1,High
SN/2025/1261,Civil,Lagos High Court,South-West,934,21,11,AME,9,0,129,1,High
SN/2025/1262,Criminal,Lagos High Court,South-West,1260,25,21,AWC,5,1,90,0,High
SN/2024/1263,Constitutional/Fundamental Rights,Rivers High Court,South-South,364,7,2,AWC,9,0,106,1,High
SN/2026/1264,Criminal,FHC Kaduna,North-Central,891,25,20,AME,6,0,217,1,High
SN/2026/1265,Family/Probate,FHC Lagos,South-West,421,8,5,AME,3,1,22,0,High
SN/2026/1266,Civil,FHC Lagos,South-West,1545,30,24,JNA,4,0,501,1,High
SN/2026/1267,Commercial,Oyo High Court,South-West,223,4,1,STR,7,1,65,0,Moderate
SN/2026/1268,Family/Probate,Rivers High Court,South-South,428,7,5,OTH,4,0,108,1,High
SN/2024/1269,Land/Property,NICN Lagos,South-West,1438,24,23,OTH,2,0,236,1,High
SN/2024/1270,Land/Property,Oyo High Court,South-West,851,14,12,AWC,6,1,16,0,High
SN/2025/1271,Criminal,FHC Lagos,South-West,1052,25,19,INP,10,0,202,1,High
SN/2024/1272,Land/Property,Edo High Court,South-South,933,35,30,JNA,8,1,212,1,High
SN/2025/1273,Election Petition,Borno High Court,North-East,106,2,0,None,6,0,18,0,High
SN/2026/1274,Commercial,Anambra High Court,South-East,987,22,14,SER,7,0,91,1,High
SN/2026/1275,Land/Property,Ogun High Court,South-West,1935,35,29,AWC,3,0,474,1,High
SN/2024/1276,Commercial,FCT High Court,FCT,1315,22,15,INP,4,0,366,1,High
SN/2026/1277,Election Petition,NICN Lagos,South-West,200,3,1,AWC,7,0,7,0,High
SN/2026/1278,Criminal,Anambra High Court,South-East,380,8,5,INP,5,0,95,1,High
SN/2026/1279,Civil,FHC Abuja,FCT,1343,30,26,AWC,7,1,412,1,High
SN/2024/1280,Civil,Oyo High Court,South-West,1268,23,18,CNR,6,0,6,0,High
SN/2025/1281,Constitutional/Fundamental Rights,FHC Kano,North-West,209,3,2,CNR,7,0,55,0,High
SN/2024/1282,Civil,Imo High Court,South-East,798,13,8,AWC,3,0,177,1,High
SN/2026/1283,Civil,Enugu High Court,South-East,1159,30,24,INP,4,0,331,1,High
SN/2024/1284,Civil,Ogun High Court,South-West,1251,25,20,INP,7,0,318,1,High
SN/2024/1285,Family/Probate,FHC Kaduna,North-Central,294,5,3,JNA,2,1,76,0,High
SN/2025/1286,Civil,Rivers High Court,South-South,928,20,16,SER,8,0,242,1,High
SN/2026/1287,Commercial,Kaduna High Court,North-Central,1136,22,15,AWC,4,0,14,0,High
SN/2026/1288,Land/Property,FHC Lagos,South-West,1114,30,26,CNR,2,0,105,1,High
SN/2024/1289,Family/Probate,FHC Lagos,South-West,475,13,10,AWC,3,0,123,1,High
SN/2026/1290,Criminal,NICN Lagos,South-West,305,7,6,AWC,3,1,50,0,High
SN/2026/1291,Civil,Rivers High Court,South-South,758,13,11,STR,4,1,10,0,High
SN/2024/1292,Criminal,FHC Port Harcourt,South-South,1018,23,16,JNA,8,0,338,1,High
SN/2025/1293,Criminal,Rivers High Court,South-South,863,16,12,INP,3,0,44,0,High
SN/2025/1294,Civil,Imo High Court,South-East,535,13,11,INP,2,0,80,0,High
SN/2026/1295,Criminal,NICN Lagos,South-West,501,12,9,JNA,5,1,58,0,High
SN/2026/1296,Land/Property,FHC Port Harcourt,South-South,663,21,20,SER,3,1,182,1,High
SN/2024/1297,Family/Probate,FHC Kano,North-West,176,4,2,AWC,5,0,14,0,Moderate
SN/2025/1298,Criminal,NICN Lagos,South-West,461,11,10,AWC,4,0,105,1,High
SN/2025/1299,Civil,FHC Abuja,FCT,1195,30,24,AME,3,0,130,1,High
SN/2026/1300,Civil,Anambra High Court,South-East,843,29,26,INP,3,0,244,1,High
SN/2024/1301,Family/Probate,FHC Lagos,South-West,417,11,9,AWC,7,0,40,0,High
SN/2024/1302,Criminal,Anambra High Court,South-East,777,25,22,CNR,9,0,128,1,High
SN/2025/1303,Criminal,Delta High Court,South-South,1002,25,18,OTH,8,0,207,1,High
SN/2024/1304,Family/Probate,NICN Lagos,South-West,68,1,1,JNA,8,0,7,0,Low
SN/2024/1305,Criminal,Kano High Court,North-West,930,25,20,JNA,9,0,188,1,High
SN/2025/1306,Civil,Enugu High Court,South-East,1080,30,21,INP,6,0,126,1,High
SN/2024/1307,Civil,Kano High Court,North-West,551,19,13,CNR,7,0,173,1,High
SN/2025/1308,Criminal,Enugu High Court,South-East,513,11,8,SER,4,0,11,0,High
SN/2026/1309,Criminal,Sokoto High Court,North-West,695,19,16,AWC,5,0,64,0,High
SN/2025/1310,Commercial,Ogun High Court,South-West,1229,22,18,INP,9,0,277,1,High
SN/2025/1311,Criminal,FHC Port Harcourt,South-South,1286,25,23,AWC,8,0,90,0,High
SN/2024/1312,Land/Property,Kano High Court,North-West,1448,35,32,INP,5,0,186,1,High
SN/2025/1313,Criminal,Rivers High Court,South-South,463,8,7,JNA,10,0,115,1,High
SN/2026/1314,Criminal,Ogun High Court,South-West,810,25,19,AME,3,1,84,0,High
SN/2024/1315,Criminal,Edo High Court,South-South,1328,22,17,JNA,7,0,207,1,High
SN/2024/1316,Civil,Oyo High Court,South-West,373,13,12,AME,3,1,73,0,High
SN/2025/1317,Commercial,Ogun High Court,South-West,460,11,7,OTH,6,0,32,0,High
SN/2025/1318,Civil,Plateau High Court,North-Central,1397,30,22,AWC,4,0,298,1,High
SN/2026/1319,Criminal,Sokoto High Court,North-West,561,19,12,SER,4,0,29,0,High
SN/2026/1320,Civil,Lagos High Court,South-West,1219,30,26,SER,5,0,286,1,High
SN/2025/1321,Criminal,Lagos High Court,South-West,845,18,13,INP,6,1,178,1,High
SN/2025/1322,Land/Property,FHC Kano,North-West,883,18,13,AWC,10,1,200,1,High
SN/2024/1323,Civil,Oyo High Court,South-West,970,18,16,STR,7,1,130,1,High
SN/2025/1324,Land/Property,FHC Kano,North-West,812,18,12,JNA,5,0,115,1,High
SN/2024/1325,Family/Probate,FHC Port Harcourt,South-South,341,8,4,INP,3,0,10,0,High
SN/2024/1326,Criminal,Lagos High Court,South-West,569,9,7,AWC,3,0,33,0,High
SN/2025/1327,Criminal,Rivers High Court,South-South,1087,25,17,CNR,6,0,108,1,High
SN/2024/1328,Criminal,Enugu High Court,South-East,623,14,10,CNR,6,0,102,1,High
SN/2025/1329,Civil,Edo High Court,South-South,1109,19,18,ADR,7,0,252,1,High
SN/2025/1330,Land/Property,Oyo High Court,South-West,1604,31,29,AWC,3,0,236,1,High
SN/2024/1331,Criminal,FHC Lagos,South-West,964,22,16,SER,4,0,169,1,High
SN/2026/1332,Land/Property,Ogun High Court,South-West,1001,18,14,AWC,6,0,213,1,High
SN/2025/1333,Constitutional/Fundamental Rights,Ogun High Court,South-West,311,5,2,SER,3,0,5,0,High
SN/2024/1334,Constitutional/Fundamental Rights,Edo High Court,South-South,516,9,6,CNR,4,0,63,0,High
SN/2025/1335,Criminal,Kwara High Court,North-Central,1143,25,20,AME,4,0,10,0,High
SN/2024/1336,Land/Property,FHC Abuja,FCT,1325,35,30,AWC,7,0,321,1,High
SN/2026/1337,Commercial,Oyo High Court,South-West,521,12,11,ADR,3,0,22,0,High
SN/2026/1338,Criminal,Lagos High Court,South-West,1336,25,15,AME,3,0,408,1,High
SN/2024/1339,Family/Probate,FHC Enugu,South-East,379,9,7,AWC,3,0,45,0,High
SN/2024/1340,Commercial,FHC Lagos,South-West,419,9,8,JNA,8,1,65,0,High
SN/2025/1341,Land/Property,Delta High Court,South-South,1004,22,19,AME,3,1,231,1,High
SN/2025/1342,Criminal,Adamawa High Court,North-East,929,18,13,INP,4,0,243,1,High
SN/2026/1343,Constitutional/Fundamental Rights,FHC Gombe,North-East,213,4,2,OTH,8,0,2,0,High
SN/2026/1344,Civil,FHC Lagos,South-West,1075,21,17,CNR,8,0,89,0,High
SN/2024/1345,Land/Property,Plateau High Court,North-Central,871,32,31,CNR,2,0,101,1,High
SN/2026/1346,Family/Probate,NICN Lagos,South-West,198,3,2,CNR,6,0,36,0,Moderate
SN/2025/1347,Land/Property,Rivers High Court,South-South,1580,33,27,INP,3,0,494,1,High
SN/2026/1348,Land/Property,Plateau High Court,North-Central,1350,35,34,JNA,3,0,341,1,High
SN/2025/1349,Criminal,NICN Lagos,South-West,454,10,9,STR,7,0,98,1,High
SN/2025/1350,Family/Probate,Anambra High Court,South-East,355,12,7,AWC,2,0,55,0,High
SN/2025/1351,Constitutional/Fundamental Rights,Ogun High Court,South-West,260,6,3,AWC,4,0,51,0,High
SN/2024/1352,Admiralty,Lagos High Court,South-West,475,9,4,AWC,5,1,48,0,High
SN/2026/1353,Family/Probate,FHC Lagos,South-West,223,4,2,STR,2,0,38,0,Moderate
SN/2024/1354,Criminal,Enugu High Court,South-East,540,10,7,ADR,4,1,70,0,High
SN/2026/1355,Family/Probate,Edo High Court,South-South,179,3,1,OTH,4,1,21,0,Moderate
SN/2025/1356,Criminal,Rivers High Court,South-South,722,12,5,CNR,5,0,13,0,High
SN/2024/1357,Civil,Edo High Court,South-South,832,22,16,AWC,2,0,11,0,High
SN/2024/1358,Land/Property,Ogun High Court,South-West,1266,28,24,CNR,8,0,228,1,High
SN/2025/1359,Criminal,FHC Port Harcourt,South-South,1066,25,21,SER,4,1,235,1,High
SN/2026/1360,Criminal,NICN Lagos,South-West,148,3,3,OTH,4,0,34,0,Moderate
SN/2024/1361,Civil,Lagos High Court,South-West,1106,22,18,STR,6,1,352,1,High
SN/2025/1362,Land/Property,Edo High Court,South-South,1655,35,30,SER,4,0,416,1,High
SN/2025/1363,Civil,Oyo High Court,South-West,1516,30,16,AWC,2,0,277,1,High
SN/2026/1364,Election Petition,Oyo High Court,South-West,269,5,4,AME,8,0,1,0,High
SN/2026/1365,Land/Property,FHC Lagos,South-West,1367,30,25,INP,5,0,108,1,High
SN/2025/1366,Criminal,Ogun High Court,South-West,627,16,14,AWC,4,0,173,1,High
SN/2026/1367,Civil,Katsina High Court,North-West,1127,22,17,SER,3,0,288,1,High
SN/2025/1368,Land/Property,FHC Kaduna,North-Central,992,21,18,AWC,3,0,297,1,High
SN/2024/1369,Civil,Oyo High Court,South-West,1132,22,18,INP,3,0,24,0,High
SN/2025/1370,Criminal,Enugu High Court,South-East,492,11,10,SER,3,0,112,1,High
SN/2026/1371,Civil,Lagos High Court,South-West,1454,30,26,AWC,5,0,408,1,High
SN/2025/1372,Civil,Oyo High Court,South-West,1133,19,14,JNA,4,0,12,0,High
SN/2026/1373,Criminal,FHC Lagos,South-West,548,15,14,CNR,5,0,70,0,High
SN/2024/1374,Criminal,Edo High Court,South-South,1164,25,21,INP,9,1,55,0,High
SN/2024/1375,Commercial,NICN Lagos,South-West,239,3,2,CNR,6,1,57,0,Moderate
SN/2024/1376,Criminal,Oyo High Court,South-West,543,13,11,JNA,6,0,35,0,High
SN/2025/1377,Commercial,FHC Lagos,South-West,1123,22,18,AWC,5,1,368,1,High
SN/2026/1378,Criminal,FHC Lagos,South-West,455,7,6,CNR,11,0,52,0,High
SN/2025/1379,Land/Property,FHC Lagos,South-West,986,17,14,CNR,4,0,321,1,High
SN/2025/1380,Civil,Kano High Court,North-West,541,13,10,AME,5,0,87,0,High
SN/2025/1381,Criminal,Borno High Court,North-East,706,12,9,INP,6,0,229,1,High
SN/2025/1382,Commercial,Lagos High Court,South-West,1283,22,17,CNR,4,0,126,1,High
SN/2026/1383,Land/Property,FHC Lagos,South-West,1687,34,26,AWC,7,1,281,1,High
SN/2026/1384,Constitutional/Fundamental Rights,Delta High Court,South-South,477,10,5,CNR,9,0,73,0,High
SN/2024/1385,Election Petition,FHC Kano,North-West,94,1,0,None,6,0,16,0,High
SN/2026/1386,Family/Probate,NICN Lagos,South-West,462,16,12,AWC,3,0,90,0,High
SN/2025/1387,Family/Probate,Oyo High Court,South-West,380,15,8,AWC,3,1,112,1,High
SN/2025/1388,Civil,Lagos High Court,South-West,1259,30,28,OTH,2,1,15,0,High
SN/2025/1389,Civil,Kano High Court,North-West,1226,30,26,CNR,3,0,186,1,High
SN/2024/1390,Commercial,Delta High Court,South-South,1386,22,16,AWC,10,0,397,1,High
SN/2025/1391,Land/Property,Imo High Court,South-East,1101,28,24,SER,3,0,2,0,High
SN/2025/1392,Commercial,FHC Kaduna,North-Central,618,12,8,JNA,4,1,192,1,High
SN/2025/1393,Criminal,Enugu High Court,South-East,443,9,7,AWC,6,0,70,0,High
SN/2026/1394,Land/Property,Court of Appeal Abuja,FCT,843,26,22,AWC,4,1,143,1,High
SN/2026/1395,Civil,Rivers High Court,South-South,1421,28,25,CNR,4,1,386,1,High
SN/2024/1396,Criminal,Imo High Court,South-East,849,17,9,AWC,5,0,214,1,High
SN/2025/1397,Criminal,NICN Lagos,South-West,885,23,19,ADR,4,1,237,1,High
SN/2024/1398,Commercial,Oyo High Court,South-West,1037,22,19,STR,9,0,226,1,High
SN/2024/1399,Criminal,Plateau High Court,North-Central,680,23,14,JNA,4,0,84,0,High
SN/2026/1400,Land/Property,Oyo High Court,South-West,1780,35,31,JNA,6,0,548,1,High
SN/2025/1401,Land/Property,FHC Kano,North-West,438,11,7,JNA,8,0,1,0,High
SN/2025/1402,Civil,Kaduna High Court,North-Central,930,15,14,SER,5,0,230,1,High
SN/2026/1403,Land/Property,Oyo High Court,South-West,1735,35,30,INP,7,1,536,1,High
SN/2025/1404,Criminal,Sokoto High Court,North-West,744,14,9,CNR,3,0,43,0,High
SN/2025/1405,Election Petition,Enugu High Court,South-East,106,2,2,INP,7,0,28,0,High
SN/2026/1406,Criminal,Borno High Court,North-East,852,22,20,SER,8,1,185,1,High
SN/2024/1407,Family/Probate,FHC Gombe,North-East,94,2,1,INP,7,0,22,0,Low
SN/2024/1408,Election Petition,NICN Abuja,FCT,85,2,0,None,4,1,25,0,High
SN/2024/1409,Family/Probate,Ogun High Court,South-West,408,7,3,OTH,10,0,121,1,High
SN/2026/1410,Commercial,Ogun High Court,South-West,529,9,3,AME,4,0,50,0,High
SN/2024/1411,Family/Probate,Ogun High Court,South-West,343,11,9,OTH,5,0,50,0,High
SN/2025/1412,Criminal,Rivers High Court,South-South,1150,25,20,JNA,6,0,307,1,High
SN/2025/1413,Land/Property,FHC Lagos,South-West,1258,35,30,CNR,7,0,89,0,High
SN/2024/1414,Family/Probate,FHC Lagos,South-West,579,17,9,CNR,7,1,143,1,High
SN/2024/1415,Admiralty,Lagos High Court,South-West,613,14,9,AWC,5,0,193,1,High
SN/2024/1416,Family/Probate,Delta High Court,South-South,284,6,5,AME,3,0,59,0,High
SN/2025/1417,Criminal,Kaduna High Court,North-Central,511,17,12,JNA,5,0,153,1,High
SN/2026/1418,Commercial,Sokoto High Court,North-West,601,10,7,OTH,2,0,53,0,High
SN/2025/1419,Commercial,Oyo High Court,South-West,555,21,14,AME,5,0,39,0,High
SN/2025/1420,Civil,FCT High Court,FCT,760,16,14,SER,4,0,175,1,High
SN/2026/1421,Criminal,Ogun High Court,South-West,628,21,16,AWC,2,0,27,0,High
SN/2024/1422,Constitutional/Fundamental Rights,Lagos High Court,South-West,75,1,0,None,7,1,11,0,Low
SN/2026/1423,Family/Probate,Kwara High Court,North-Central,430,10,6,AWC,6,0,109,1,High
SN/2025/1424,Commercial,FHC Kaduna,North-Central,523,17,9,AWC,9,0,76,0,High
SN/2024/1425,Commercial,Edo High Court,South-South,776,13,7,AWC,3,0,48,0,High
SN/2024/1426,Land/Property,Bauchi High Court,North-East,357,8,7,AWC,4,1,47,0,High
SN/2025/1427,Constitutional/Fundamental Rights,Delta High Court,South-South,147,4,2,ADR,4,0,32,0,Moderate
SN/2026/1428,Criminal,FHC Port Harcourt,South-South,1056,22,15,SER,9,0,143,1,High
SN/2024/1429,Constitutional/Fundamental Rights,FHC Port Harcourt,South-South,299,5,5,SER,2,0,40,0,High
SN/2026/1430,Commercial,NICN Lagos,South-West,559,13,10,INP,2,1,173,1,High
SN/2026/1431,Civil,NICN Lagos,South-West,1173,30,24,AWC,2,0,52,0,High
SN/2025/1432,Land/Property,FHC Lagos,South-West,1646,35,31,AWC,4,0,112,1,High
SN/2024/1433,Criminal,Enugu High Court,South-East,603,13,10,CNR,2,0,48,0,High
SN/2024/1434,Criminal,Ogun High Court,South-West,663,19,15,INP,5,0,193,1,High
SN/2024/1435,Civil,Ogun High Court,South-West,1046,28,23,OTH,8,0,136,1,High
SN/2026/1436,Land/Property,Oyo High Court,South-West,1668,31,28,AWC,3,0,190,1,High
SN/2024/1437,Land/Property,FHC Lagos,South-West,657,11,10,CNR,4,0,64,0,High
SN/2024/1438,Criminal,FHC Kaduna,North-Central,699,14,12,AWC,4,1,151,1,High
SN/2024/1439,Civil,Oyo High Court,South-West,1336,30,23,INP,7,0,404,1,High
SN/2025/1440,Criminal,FHC Port Harcourt,South-South,241,4,3,OTH,8,0,1,0,Moderate
SN/2024/1441,Criminal,Delta High Court,South-South,723,14,10,OTH,2,0,195,1,High
SN/2024/1442,Land/Property,Ogun High Court,South-West,1681,35,30,INP,5,0,171,1,High
SN/2026/1443,Commercial,FHC Lagos,South-West,405,11,9,CNR,2,0,28,0,High
SN/2025/1444,Criminal,FHC Kano,North-West,364,10,6,CNR,2,0,41,0,High
SN/2025/1445,Criminal,FHC Lagos,South-West,477,8,4,AWC,6,1,121,1,High
SN/2026/1446,Criminal,Lagos High Court,South-West,996,25,19,INP,3,0,35,0,High
SN/2024/1447,Election Petition,FHC Port Harcourt,South-South,47,1,1,JNA,4,0,10,0,Low
SN/2025/1448,Criminal,Oyo High Court,South-West,1320,24,15,SER,6,0,388,1,High
SN/2025/1449,Criminal,Lagos High Court,South-West,200,5,5,SER,3,0,31,0,High
SN/2026/1450,Commercial,Oyo High Court,South-West,1314,22,17,INP,3,0,229,1,High
SN/2024/1451,Civil,FCT High Court,FCT,1013,17,13,INP,4,0,299,1,High
SN/2024/1452,Criminal,NICN Lagos,South-West,621,24,18,AWC,9,0,77,0,High
SN/2026/1453,Criminal,NICN Lagos,South-West,865,18,17,AWC,4,1,126,1,High
SN/2026/1454,Criminal,Anambra High Court,South-East,746,12,11,STR,5,1,49,0,High
SN/2025/1455,Land/Property,NICN Lagos,South-West,1961,35,29,INP,7,0,499,1,High
SN/2024/1456,Civil,FHC Kano,North-West,1085,20,17,AME,4,0,165,1,High
SN/2025/1457,Civil,FHC Port Harcourt,South-South,1233,30,21,JNA,9,1,283,1,High
SN/2025/1458,Civil,FHC Port Harcourt,South-South,552,9,5,AWC,5,1,167,1,High
SN/2026/1459,Land/Property,FHC Kaduna,North-Central,622,18,15,AME,5,1,131,1,High
SN/2024/1460,Civil,Enugu High Court,South-East,1565,30,21,STR,8,1,267,1,High
SN/2024/1461,Land/Property,Ogun High Court,South-West,1371,35,32,CNR,2,0,351,1,High
SN/2024/1462,Commercial,Oyo High Court,South-West,1154,22,13,AWC,3,0,149,1,High
SN/2025/1463,Land/Property,Imo High Court,South-East,1017,23,19,INP,7,0,10,0,High
SN/2025/1464,Civil,FHC Lagos,South-West,797,15,13,INP,10,0,24,0,High
SN/2026/1465,Commercial,Rivers High Court,South-South,1395,22,19,SER,7,0,93,1,High
SN/2025/1466,Land/Property,FHC Lagos,South-West,1581,27,22,INP,11,0,61,0,High
SN/2026/1467,Commercial,FHC Port Harcourt,South-South,1191,22,18,CNR,6,1,63,0,High
SN/2025/1468,Criminal,Enugu High Court,South-East,236,4,1,SER,6,0,45,0,Moderate
SN/2024/1469,Land/Property,FHC Port Harcourt,South-South,1444,35,31,CNR,2,0,17,0,High
SN/2024/1470,Civil,FHC Kano,North-West,608,16,11,AWC,5,0,100,1,High
SN/2024/1471,Commercial,NICN Lagos,South-West,366,6,2,STR,5,0,89,0,High
SN/2026/1472,Family/Probate,Anambra High Court,South-East,363,10,9,CNR,8,0,109,1,High
SN/2024/1473,Election Petition,FHC Lagos,South-West,305,10,3,JNA,3,0,40,0,High
SN/2026/1474,Commercial,Edo High Court,South-South,1289,22,15,JNA,7,1,136,1,High
SN/2025/1475,Commercial,Ogun High Court,South-West,1392,22,13,JNA,3,0,259,1,High
SN/2024/1476,Criminal,Anambra High Court,South-East,816,15,11,CNR,4,0,271,1,High
SN/2024/1477,Constitutional/Fundamental Rights,FHC Lagos,South-West,400,7,4,AWC,7,0,75,0,High
SN/2026/1478,Civil,FHC Kano,North-West,872,27,23,OTH,3,1,54,0,High
SN/2025/1479,Commercial,Ogun High Court,South-West,1172,22,17,AWC,7,0,350,1,High
SN/2024/1480,Admiralty,FHC Lagos,South-West,345,8,7,INP,3,1,112,1,High
SN/2025/1481,Civil,Plateau High Court,North-Central,1368,30,22,STR,2,1,235,1,High
SN/2026/1482,Commercial,FHC Enugu,South-East,1185,22,15,AWC,6,0,285,1,High
SN/2026/1483,Criminal,Delta High Court,South-South,613,20,16,AWC,2,0,117,1,High
SN/2025/1484,Admiralty,FHC Enugu,South-East,435,9,6,CNR,3,1,120,1,High
SN/2026/1485,Civil,Borno High Court,North-East,328,5,3,SER,8,0,18,0,Moderate
SN/2026/1486,Commercial,NICN Lagos,South-West,1098,22,14,CNR,4,0,264,1,High
SN/2026/1487,Civil,Delta High Court,South-South,1444,30,27,INP,5,0,288,1,High
SN/2026/1488,Civil,FHC Abuja,FCT,923,21,15,AWC,9,0,108,1,High
SN/2025/1489,Civil,Ogun High Court,South-West,1401,30,24,CNR,3,0,400,1,High
SN/2024/1490,Constitutional/Fundamental Rights,FHC Kano,North-West,299,5,3,AWC,6,1,57,0,High
SN/2025/1491,Land/Property,NICN Lagos,South-West,1381,35,28,SER,4,0,257,1,High
SN/2026/1492,Land/Property,Ogun High Court,South-West,1556,35,33,INP,5,1,106,1,High
SN/2026/1493,Commercial,Enugu High Court,South-East,834,17,9,JNA,4,0,115,1,High
SN/2026/1494,Family/Probate,FHC Lagos,South-West,381,6,4,INP,4,0,90,0,High
SN/2025/1495,Commercial,FHC Lagos,South-West,1035,22,18,CNR,9,0,319,1,High
SN/2025/1496,Admiralty,FHC Lagos,South-West,350,7,5,AWC,7,0,31,0,High
SN/2026/1497,Civil,Oyo High Court,South-West,1532,25,19,CNR,6,0,67,0,High
SN/2026/1498,Criminal,FHC Lagos,South-West,792,18,14,AWC,3,1,185,1,High
SN/2024/1499,Criminal,Oyo High Court,South-West,1367,25,19,STR,10,0,314,1,High
SN/2025/1500,Civil,Katsina High Court,North-West,1100,30,21,AWC,6,0,65,0,High
SN/2025/1501,Criminal,Ogun High Court,South-West,519,9,7,JNA,10,1,102,1,High
SN/2024/1502,Civil,NICN Lagos,South-West,1426,28,24,AWC,3,0,439,1,High
SN/2025/1503,Family/Probate,Delta High Court,South-South,545,15,12,INP,3,1,151,1,High
SN/2025/1504,Family/Probate,Oyo High Court,South-West,465,10,6,INP,2,0,153,1,High
SN/2024/1505,Constitutional/Fundamental Rights,Oyo High Court,South-West,463,15,9,CNR,9,0,110,1,High
SN/2025/1506,Criminal,NICN Lagos,South-West,1032,20,16,AWC,6,1,75,0,High
SN/2024/1507,Family/Probate,Ogun High Court,South-West,553,20,13,ADR,6,0,49,0,High
SN/2025/1508,Civil,Lagos High Court,South-West,700,18,14,INP,4,0,48,0,High
SN/2026/1509,Civil,Oyo High Court,South-West,1165,30,25,AWC,6,0,326,1,High
SN/2024/1510,Commercial,Lagos High Court,South-West,1262,22,19,AME,4,1,367,1,High
SN/2026/1511,Civil,Katsina High Court,North-West,673,24,16,SER,3,0,42,0,High
SN/2024/1512,Civil,NICN Lagos,South-West,1055,25,23,CNR,4,0,11,0,High
SN/2026/1513,Land/Property,Rivers High Court,South-South,1671,35,31,AWC,9,0,22,0,High
SN/2024/1514,Criminal,Delta High Court,South-South,966,19,13,AWC,3,0,256,1,High
SN/2026/1515,Civil,Borno High Court,North-East,293,9,5,AWC,9,0,56,0,High
SN/2024/1516,Family/Probate,FHC Lagos,South-West,216,4,3,ADR,5,0,31,0,Moderate
SN/2024/1517,Land/Property,Lagos High Court,South-West,1852,35,31,CNR,3,1,86,0,High
SN/2025/1518,Admiralty,Delta High Court,South-South,469,9,6,CNR,2,1,35,0,High
SN/2025/1519,Civil,FHC Abuja,FCT,509,10,8,AME,4,1,22,0,High
SN/2024/1520,Constitutional/Fundamental Rights,NICN Lagos,South-West,332,11,3,AWC,3,0,80,0,High
SN/2026/1521,Criminal,FHC Lagos,South-West,856,16,15,AWC,2,0,25,0,High
SN/2024/1522,Civil,Lagos High Court,South-West,1231,30,24,CNR,4,0,313,1,High
SN/2025/1523,Commercial,Rivers High Court,South-South,659,12,10,AWC,8,0,115,1,High
SN/2025/1524,Land/Property,Oyo High Court,South-West,1717,35,27,AME,2,1,246,1,High
SN/2024/1525,Commercial,FHC Kaduna,North-Central,726,22,15,AWC,5,0,114,1,High
SN/2026/1526,Criminal,Ogun High Court,South-West,1252,21,18,OTH,4,0,33,0,High
SN/2026/1527,Criminal,Sokoto High Court,North-West,641,12,8,INP,4,0,120,1,High
SN/2025/1528,Civil,Delta High Court,South-South,1065,22,16,INP,2,0,219,1,High
SN/2025/1529,Land/Property,NICN Lagos,South-West,1703,35,29,AME,4,0,23,0,High
SN/2026/1530,Commercial,Kano High Court,North-West,920,18,14,AWC,3,0,287,1,High
SN/2024/1531,Land/Property,Imo High Court,South-East,867,21,18,INP,2,1,232,1,High
SN/2024/1532,Civil,Edo High Court,South-South,685,19,18,JNA,6,0,122,1,High
SN/2026/1533,Civil,Imo High Court,South-East,1023,30,23,CNR,6,1,66,0,High
SN/2025/1534,Criminal,Ogun High Court,South-West,1140,25,22,INP,2,0,134,1,High
SN/2026/1535,Civil,Oyo High Court,South-West,1651,30,24,STR,3,0,160,1,High
SN/2026/1536,Family/Probate,Kaduna High Court,North-Central,271,6,1,SER,4,0,33,0,High
SN/2024/1537,Criminal,FHC Enugu,South-East,430,11,9,CNR,2,0,127,1,High
SN/2024/1538,Criminal,Enugu High Court,South-East,978,17,14,INP,5,0,93,1,High
SN/2026/1539,Civil,FHC Port Harcourt,South-South,1461,30,23,AME,9,0,424,1,High
SN/2024/1540,Civil,Rivers High Court,South-South,288,7,4,ADR,4,1,26,0,High
SN/2024/1541,Criminal,Edo High Court,South-South,140,4,2,OTH,7,1,7,0,Moderate
SN/2026/1542,Criminal,FHC Port Harcourt,South-South,1032,22,16,AWC,4,0,262,1,High
SN/2025/1543,Election Petition,Oyo High Court,South-West,179,4,1,STR,5,1,43,0,High
SN/2026/1544,Criminal,Kwara High Court,North-Central,1105,21,16,STR,2,0,107,1,High
SN/2025/1545,Commercial,Lagos High Court,South-West,189,4,1,OTH,8,0,7,0,Moderate
SN/2025/1546,Family/Probate,Plateau High Court,North-Central,465,11,9,AME,4,0,70,0,High
SN/2025/1547,Criminal,Oyo High Court,South-West,989,25,16,AWC,4,0,214,1,High
SN/2026/1548,Land/Property,Borno High Court,North-East,1411,23,20,JNA,3,1,436,1,High
SN/2026/1549,Constitutional/Fundamental Rights,Ogun High Court,South-West,208,4,2,INP,4,1,40,0,High
SN/2025/1550,Land/Property,FCT High Court,FCT,1166,25,22,SER,2,0,205,1,High
SN/2024/1551,Criminal,Ogun High Court,South-West,1071,18,12,INP,5,1,279,1,High
SN/2025/1552,Criminal,FHC Enugu,South-East,962,25,23,AWC,2,0,184,1,High
SN/2024/1553,Criminal,Oyo High Court,South-West,1114,25,18,JNA,3,0,57,0,High
SN/2024/1554,Commercial,Enugu High Court,South-East,858,22,15,INP,4,0,238,1,High
SN/2025/1555,Civil,Enugu High Court,South-East,772,21,17,JNA,4,1,79,0,High
SN/2024/1556,Civil,Borno High Court,North-East,658,20,13,INP,3,0,36,0,High
SN/2024/1557,Criminal,Ogun High Court,South-West,950,22,17,SER,4,0,117,1,High
SN/2026/1558,Commercial,Edo High Court,South-South,676,22,16,INP,9,0,150,1,High
SN/2025/1559,Constitutional/Fundamental Rights,FHC Abuja,FCT,367,9,7,SER,6,1,73,0,High
SN/2024/1560,Constitutional/Fundamental Rights,FHC Lagos,South-West,148,2,2,ADR,4,1,3,0,Moderate
SN/2026/1561,Commercial,FHC Enugu,South-East,1268,22,14,CNR,5,1,270,1,High
SN/2026/1562,Commercial,Lagos High Court,South-West,782,13,9,INP,7,0,147,1,High
SN/2025/1563,Land/Property,Delta High Court,South-South,1573,35,32,SER,6,0,457,1,High
SN/2025/1564,Civil,Edo High Court,South-South,545,9,8,AME,3,1,86,0,High
SN/2025/1565,Commercial,Ogun High Court,South-West,827,20,15,JNA,5,0,196,1,High
SN/2025/1566,Criminal,Ogun High Court,South-West,1069,18,14,AWC,2,0,293,1,High
SN/2025/1567,Criminal,Sokoto High Court,North-West,236,4,2,JNA,4,1,22,0,Moderate
SN/2025/1568,Land/Property,Katsina High Court,North-West,1434,35,32,AME,3,0,239,1,High
SN/2026/1569,Civil,Enugu High Court,South-East,1049,28,23,INP,8,0,342,1,High
SN/2025/1570,Criminal,NICN Lagos,South-West,1013,25,23,ADR,3,1,188,1,High
SN/2024/1571,Criminal,NICN Lagos,South-West,928,20,16,SER,3,0,17,0,High
SN/2024/1572,Civil,Lagos High Court,South-West,707,17,10,INP,7,0,46,0,High
SN/2024/1573,Civil,Lagos High Court,South-West,530,12,11,JNA,9,1,66,0,High
SN/2026/1574,Civil,FHC Lagos,South-West,1192,28,19,JNA,2,0,247,1,High
SN/2026/1575,Civil,Rivers High Court,South-South,547,18,14,AME,3,1,37,0,High
SN/2026/1576,Family/Probate,Edo High Court,South-South,329,10,5,SER,2,0,103,1,High
SN/2026/1577,Election Petition,Imo High Court,South-East,90,1,0,None,2,0,19,0,High
SN/2024/1578,Criminal,NICN Lagos,South-West,358,13,12,SER,6,1,115,1,High
SN/2026/1579,Civil,Imo High Court,South-East,735,14,9,CNR,3,0,214,1,High
SN/2026/1580,Commercial,Oyo High Court,South-West,761,14,8,AWC,2,1,189,1,High
SN/2026/1581,Family/Probate,Imo High Court,South-East,319,8,4,OTH,5,0,54,0,High
SN/2025/1582,Civil,Kaduna High Court,North-Central,1229,20,18,AWC,3,0,241,1,High
SN/2025/1583,Criminal,Oyo High Court,South-West,998,20,15,INP,5,1,87,0,High
SN/2025/1584,Criminal,Enugu High Court,South-East,709,12,8,INP,9,1,90,0,High
SN/2026/1585,Criminal,Ogun High Court,South-West,1345,25,19,JNA,2,0,330,1,High
SN/2025/1586,Civil,FHC Abuja,FCT,816,17,15,CNR,2,0,122,1,High
SN/2024/1587,Criminal,Ogun High Court,South-West,830,16,9,INP,5,1,101,1,High
SN/2025/1588,Admiralty,FHC Lagos,South-West,518,9,5,AME,6,0,31,0,High
SN/2025/1589,Civil,FCT High Court,FCT,1273,30,27,JNA,11,0,111,1,High
SN/2024/1590,Civil,Imo High Court,South-East,524,11,8,AWC,6,1,104,1,High
SN/2024/1591,Criminal,FHC Lagos,South-West,1392,25,20,AWC,8,0,113,1,High
SN/2024/1592,Land/Property,Rivers High Court,South-South,1529,35,27,INP,6,0,495,1,High
SN/2024/1593,Criminal,FHC Lagos,South-West,978,25,22,CNR,6,0,165,1,High
SN/2026/1594,Civil,Rivers High Court,South-South,1325,30,26,SER,7,1,188,1,High
SN/2026/1595,Criminal,Ogun High Court,South-West,535,12,6,AWC,6,1,26,0,High
SN/2025/1596,Criminal,FHC Lagos,South-West,1273,25,19,JNA,4,0,217,1,High
SN/2024/1597,Criminal,Rivers High Court,South-South,1034,25,24,CNR,4,1,175,1,High
SN/2025/1598,Land/Property,Lagos High Court,South-West,1374,32,24,CNR,3,0,30,0,High
SN/2026/1599,Family/Probate,FHC Enugu,South-East,169,5,3,INP,3,0,39,0,Moderate
SN/2026/1600,Criminal,Delta High Court,South-South,863,25,18,AWC,3,0,224,1,High
SN/2025/1601,Criminal,Oyo High Court,South-West,832,25,17,SER,7,0,90,0,High
SN/2025/1602,Constitutional/Fundamental Rights,NICN Abuja,FCT,460,7,5,CNR,8,0,14,0,High
SN/2025/1603,Family/Probate,NICN Lagos,South-West,276,7,3,CNR,4,1,34,0,High
SN/2025/1604,Civil,NICN Abuja,FCT,1059,30,24,OTH,8,1,253,1,High
SN/2025/1605,Admiralty,Rivers High Court,South-South,353,8,5,AME,5,0,70,0,High
SN/2026/1606,Land/Property,Delta High Court,South-South,1540,35,31,AWC,6,0,399,1,High
SN/2025/1607,Land/Property,FHC Lagos,South-West,2000,35,31,AWC,8,0,594,1,High
SN/2025/1608,Criminal,FHC Lagos,South-West,861,18,12,AME,8,0,57,0,High
SN/2026/1609,Land/Property,Edo High Court,South-South,1244,35,33,AWC,5,1,402,1,High
SN/2024/1610,Family/Probate,Lagos High Court,South-West,219,4,1,AWC,3,0,57,0,Moderate
SN/2025/1611,Commercial,Lagos High Court,South-West,801,15,11,INP,4,0,123,1,High
SN/2025/1612,Civil,Anambra High Court,South-East,717,19,15,OTH,8,0,62,0,High
SN/2025/1613,Criminal,Ogun High Court,South-West,999,17,14,OTH,6,0,284,1,High
SN/2025/1614,Civil,FCT High Court,FCT,1236,30,21,AWC,5,0,270,1,High
SN/2024/1615,Land/Property,NICN Lagos,South-West,923,16,15,JNA,9,0,167,1,High
SN/2026/1616,Civil,Plateau High Court,North-Central,1181,28,25,AWC,5,0,68,0,High
SN/2024/1617,Civil,Lagos High Court,South-West,977,30,24,CNR,5,1,191,1,High
SN/2026/1618,Criminal,Imo High Court,South-East,584,12,8,STR,7,0,89,0,High
SN/2026/1619,Land/Property,NICN Lagos,South-West,1820,35,28,AME,2,1,83,0,High
SN/2025/1620,Family/Probate,Oyo High Court,South-West,202,6,3,INP,5,1,4,0,Moderate
SN/2026/1621,Criminal,Enugu High Court,South-East,840,19,14,AWC,9,1,47,0,High
SN/2025/1622,Civil,Ogun High Court,South-West,866,15,13,AWC,10,1,198,1,High
SN/2026/1623,Civil,Ogun High Court,South-West,1264,21,14,OTH,4,1,72,0,High
SN/2025/1624,Constitutional/Fundamental Rights,Oyo High Court,South-West,509,15,8,INP,7,0,72,0,High
SN/2025/1625,Commercial,FHC Port Harcourt,South-South,719,19,12,AWC,4,0,4,0,High
SN/2025/1626,Election Petition,Ogun High Court,South-West,276,7,1,JNA,5,0,30,0,High
SN/2026/1627,Commercial,FHC Enugu,South-East,748,21,15,JNA,3,0,120,1,High
SN/2025/1628,Criminal,Court of Appeal Abuja,FCT,262,4,2,OTH,6,0,55,0,Moderate
SN/2025/1629,Land/Property,FHC Port Harcourt,South-South,1336,29,24,CNR,4,1,440,1,High
SN/2025/1630,Civil,NICN Abuja,FCT,518,8,7,JNA,3,0,56,0,High
SN/2024/1631,Criminal,Kaduna High Court,North-Central,1001,21,15,CNR,6,0,148,1,High
SN/2025/1632,Criminal,FHC Lagos,South-West,1151,25,21,OTH,7,0,230,1,High
SN/2024/1633,Civil,FHC Lagos,South-West,579,22,22,AWC,2,1,39,0,High
SN/2024/1634,Criminal,FHC Enugu,South-East,557,9,3,SER,5,0,151,1,High
SN/2024/1635,Civil,FHC Kano,North-West,861,20,14,CNR,3,1,249,1,High
SN/2025/1636,Criminal,Ogun High Court,South-West,644,12,6,INP,5,0,120,1,High
SN/2024/1637,Admiralty,Lagos High Court,South-West,322,10,7,ADR,8,0,20,0,High
SN/2024/1638,Civil,Enugu High Court,South-East,1186,30,24,JNA,8,0,327,1,High
SN/2025/1639,Family/Probate,Rivers High Court,South-South,326,5,4,INP,4,0,60,0,High
SN/2025/1640,Criminal,FHC Lagos,South-West,493,15,9,INP,5,0,153,1,High
SN/2024/1641,Land/Property,NICN Abuja,FCT,1546,35,27,SER,3,0,1,0,High
SN/2025/1642,Commercial,FHC Enugu,South-East,360,7,3,AWC,7,0,82,0,High
SN/2025/1643,Criminal,Ogun High Court,South-West,613,13,10,SER,7,0,31,0,High
SN/2025/1644,Land/Property,Anambra High Court,South-East,1092,19,16,INP,3,0,45,0,High
SN/2024/1645,Family/Probate,FHC Port Harcourt,South-South,478,11,6,INP,11,0,98,1,High
SN/2026/1646,Criminal,Delta High Court,South-South,1152,20,17,JNA,4,0,289,1,High
SN/2025/1647,Civil,Bauchi High Court,North-East,734,19,17,JNA,4,0,191,1,High
SN/2024/1648,Commercial,Oyo High Court,South-West,697,20,11,INP,6,0,9,0,High
SN/2026/1649,Criminal,Rivers High Court,South-South,590,13,12,CNR,5,1,83,0,High
SN/2025/1650,Criminal,Kaduna High Court,North-Central,1184,22,16,AWC,6,0,53,0,High
SN/2025/1651,Land/Property,Delta High Court,South-South,1110,20,18,INP,7,0,163,1,High
SN/2026/1652,Criminal,FHC Abuja,FCT,240,4,2,AWC,3,0,16,0,Moderate
SN/2024/1653,Criminal,Rivers High Court,South-South,708,25,18,INP,8,0,89,0,High
SN/2026/1654,Criminal,Oyo High Court,South-West,489,12,8,AWC,9,0,117,1,High
SN/2024/1655,Civil,FCT High Court,FCT,1368,28,25,AWC,2,0,80,0,High
SN/2025/1656,Civil,FHC Kaduna,North-Central,1054,23,22,AWC,5,0,351,1,High
SN/2026/1657,Criminal,Oyo High Court,South-West,1037,25,16,INP,6,0,217,1,High
SN/2026/1658,Criminal,Delta High Court,South-South,966,24,21,INP,4,0,220,1,High
SN/2025/1659,Family/Probate,Delta High Court,South-South,454,8,5,ADR,10,0,11,0,High
SN/2026/1660,Family/Probate,Imo High Court,South-East,216,4,3,INP,5,0,29,0,Moderate
SN/2025/1661,Criminal,FHC Lagos,South-West,437,12,10,STR,6,0,115,1,High
SN/2024/1662,Civil,Oyo High Court,South-West,1645,29,20,AWC,7,1,498,1,High
SN/2025/1663,Constitutional/Fundamental Rights,Lagos High Court,South-West,368,9,4,ADR,6,0,66,0,High
SN/2024/1664,Civil,FHC Port Harcourt,South-South,1482,30,20,JNA,6,0,75,0,High
SN/2024/1665,Criminal,FHC Kano,North-West,655,13,7,AME,3,0,112,1,High
SN/2025/1666,Election Petition,FHC Port Harcourt,South-South,88,3,1,CNR,7,0,2,0,High
SN/2024/1667,Criminal,FHC Lagos,South-West,830,25,15,OTH,2,0,26,0,High
SN/2024/1668,Civil,Lagos High Court,South-West,1456,30,22,ADR,6,1,418,1,High
SN/2025/1669,Civil,Ogun High Court,South-West,632,12,8,ADR,5,0,160,1,High
SN/2025/1670,Admiralty,Ogun High Court,South-West,326,10,6,ADR,3,0,90,0,High
SN/2026/1671,Land/Property,FHC Lagos,South-West,470,10,6,JNA,2,1,113,1,High
SN/2025/1672,Family/Probate,Ogun High Court,South-West,218,5,2,CNR,5,0,54,0,Moderate
SN/2024/1673,Admiralty,NICN Lagos,South-West,433,9,5,JNA,2,0,37,0,High
SN/2026/1674,Commercial,FHC Port Harcourt,South-South,235,4,2,CNR,7,0,62,0,Moderate
SN/2026/1675,Civil,Ogun High Court,South-West,1085,30,26,INP,3,0,349,1,High
SN/2026/1676,Admiralty,Anambra High Court,South-East,213,4,2,JNA,6,1,50,0,Moderate
SN/2024/1677,Criminal,Oyo High Court,South-West,1098,25,20,JNA,3,0,252,1,High
SN/2026/1678,Civil,Lagos High Court,South-West,1209,30,24,OTH,10,1,334,1,High
SN/2024/1679,Constitutional/Fundamental Rights,NICN Lagos,South-West,456,10,8,AWC,10,0,128,1,High
SN/2025/1680,Criminal,Edo High Court,South-South,469,10,10,AWC,5,0,38,0,High
SN/2026/1681,Civil,Lagos High Court,South-West,505,8,7,JNA,5,0,112,1,High
SN/2025/1682,Land/Property,Plateau High Court,North-Central,1582,35,30,AWC,5,0,62,0,High
SN/2026/1683,Commercial,NICN Lagos,South-West,1226,22,15,AWC,4,0,178,1,High
SN/2024/1684,Land/Property,Delta High Court,South-South,1880,35,33,AWC,3,0,299,1,High
SN/2025/1685,Civil,Lagos High Court,South-West,1181,19,16,AWC,3,0,25,0,High
SN/2025/1686,Criminal,Delta High Court,South-South,996,25,18,CNR,4,0,173,1,High
SN/2025/1687,Criminal,Rivers High Court,South-South,858,25,15,INP,5,0,109,1,High
SN/2026/1688,Admiralty,NICN Lagos,South-West,390,9,6,CNR,9,0,5,0,High
SN/2024/1689,Criminal,FHC Enugu,South-East,690,25,18,AWC,5,0,204,1,High
SN/2025/1690,Civil,Enugu High Court,South-East,686,16,12,ADR,6,1,30,0,High
SN/2025/1691,Civil,Lagos High Court,South-West,1706,30,16,AWC,2,0,373,1,High
SN/2024/1692,Constitutional/Fundamental Rights,FHC Lagos,South-West,373,10,4,STR,6,1,85,0,High
SN/2026/1693,Constitutional/Fundamental Rights,Delta High Court,South-South,363,12,8,INP,6,0,8,0,High
SN/2026/1694,Criminal,Rivers High Court,South-South,395,12,8,SER,4,0,59,0,High
SN/2026/1695,Family/Probate,FHC Kaduna,North-Central,154,3,0,None,4,0,43,0,Moderate
SN/2025/1696,Constitutional/Fundamental Rights,NICN Abuja,FCT,184,3,0,None,4,0,20,0,High
SN/2025/1697,Commercial,Delta High Court,South-South,527,11,8,INP,2,1,81,0,High
SN/2024/1698,Criminal,Delta High Court,South-South,680,23,19,ADR,3,0,77,0,High
SN/2024/1699,Civil,Delta High Court,South-South,1415,30,26,AWC,3,0,266,1,High
SN/2024/1700,Civil,Delta High Court,South-South,1451,24,23,INP,6,1,234,1,High
SN/2024/1701,Family/Probate,Enugu High Court,South-East,407,11,9,SER,6,0,53,0,High
SN/2026/1702,Commercial,NICN Abuja,FCT,1400,22,18,AME,4,0,312,1,High
SN/2025/1703,Family/Probate,FHC Lagos,South-West,283,10,4,JNA,3,0,27,0,High
SN/2025/1704,Land/Property,NICN Lagos,South-West,1329,35,33,INP,3,0,403,1,High
SN/2026/1705,Civil,Enugu High Court,South-East,939,19,16,AWC,2,1,101,1,High
SN/2026/1706,Family/Probate,Court of Appeal Abuja,FCT,109,2,0,None,6,0,10,0,Low
SN/2024/1707,Criminal,Edo High Court,South-South,689,12,10,AWC,7,0,58,0,High
SN/2024/1708,Land/Property,Imo High Court,South-East,1353,23,22,AWC,3,0,96,1,High
SN/2024/1709,Family/Probate,FHC Kaduna,North-Central,237,6,3,AWC,8,0,57,0,Moderate
SN/2025/1710,Criminal,Oyo High Court,South-West,463,13,9,JNA,2,0,137,1,High
SN/2026/1711,Admiralty,NICN Lagos,South-West,124,2,1,OTH,5,0,14,0,Low
SN/2025/1712,Criminal,NICN Lagos,South-West,555,9,8,JNA,2,0,93,1,High
SN/2026/1713,Commercial,Imo High Court,South-East,747,22,15,INP,8,0,79,0,High
SN/2024/1714,Commercial,Oyo High Court,South-West,1404,22,18,CNR,3,0,97,1,High
SN/2026/1715,Criminal,Edo High Court,South-South,357,9,4,AWC,3,0,112,1,High
SN/2026/1716,Commercial,NICN Lagos,South-West,414,7,5,JNA,5,0,42,0,High
SN/2024/1717,Constitutional/Fundamental Rights,FHC Lagos,South-West,433,13,10,AWC,9,0,71,0,High
SN/2024/1718,Criminal,FHC Port Harcourt,South-South,720,15,12,SER,2,0,1,0,High
SN/2026/1719,Family/Probate,FHC Kano,North-West,76,1,1,AME,3,0,11,0,Low
SN/2024/1720,Civil,Enugu High Court,South-East,850,28,24,ADR,3,0,36,0,High
SN/2026/1721,Land/Property,Delta High Court,South-South,1837,35,31,AME,5,0,192,1,High
SN/2025/1722,Family/Probate,NICN Lagos,South-West,241,4,4,JNA,4,1,78,0,High
SN/2024/1723,Land/Property,Sokoto High Court,North-West,760,27,20,ADR,3,0,187,1,High
SN/2026/1724,Commercial,Imo High Court,South-East,1196,22,15,AWC,2,0,88,0,High
SN/2026/1725,Land/Property,FHC Gombe,North-East,871,31,27,JNA,3,0,232,1,High
SN/2024/1726,Constitutional/Fundamental Rights,NICN Lagos,South-West,449,11,5,AWC,3,1,36,0,High
SN/2024/1727,Land/Property,Plateau High Court,North-Central,1541,31,27,CNR,3,0,301,1,High
SN/2024/1728,Family/Probate,FHC Enugu,South-East,245,4,3,STR,3,1,68,0,High
SN/2026/1729,Land/Property,Edo High Court,South-South,1570,35,29,CNR,8,0,146,1,High
SN/2026/1730,Admiralty,Ogun High Court,South-West,257,4,3,INP,3,0,67,0,High
SN/2024/1731,Civil,Lagos High Court,South-West,1516,30,25,AME,3,0,422,1,High
SN/2024/1732,Constitutional/Fundamental Rights,Anambra High Court,South-East,150,5,3,ADR,6,0,8,0,Moderate
SN/2024/1733,Civil,Lagos High Court,South-West,460,13,11,AME,6,0,59,0,High
SN/2026/1734,Commercial,FHC Port Harcourt,South-South,680,17,9,INP,2,0,196,1,High
SN/2025/1735,Civil,Lagos High Court,South-West,1418,30,25,INP,2,0,317,1,High
SN/2026/1736,Criminal,Anambra High Court,South-East,668,17,11,INP,5,0,19,0,High
SN/2024/1737,Civil,FHC Enugu,South-East,728,20,16,INP,3,0,41,0,High
SN/2025/1738,Land/Property,Anambra High Court,South-East,1366,35,31,AWC,2,1,20,0,High
SN/2026/1739,Civil,Kano High Court,North-West,1034,19,13,SER,5,0,25,0,High
SN/2025/1740,Civil,NICN Lagos,South-West,797,30,21,STR,4,0,76,0,High
SN/2026/1741,Civil,NICN Lagos,South-West,754,27,21,CNR,3,0,237,1,High
SN/2026/1742,Criminal,Oyo High Court,South-West,1082,25,21,SER,7,0,275,1,High
SN/2024/1743,Constitutional/Fundamental Rights,FHC Lagos,South-West,400,10,8,AWC,3,0,80,0,High
SN/2026/1744,Commercial,Oyo High Court,South-West,1171,22,19,ADR,10,1,33,0,High
SN/2025/1745,Criminal,Adamawa High Court,North-East,653,14,10,AME,5,0,72,0,High
SN/2026/1746,Criminal,Lagos High Court,South-West,820,25,21,INP,3,0,192,1,High
SN/2024/1747,Criminal,Ogun High Court,South-West,1110,19,17,AWC,8,0,312,1,High
SN/2024/1748,Criminal,FHC Lagos,South-West,1020,25,18,INP,7,0,298,1,High
SN/2026/1749,Civil,Delta High Court,South-South,1013,30,25,OTH,9,1,250,1,High
SN/2025/1750,Admiralty,FHC Gombe,North-East,249,5,2,AWC,6,1,42,0,High
SN/2026/1751,Criminal,Oyo High Court,South-West,316,9,8,AWC,8,0,17,0,High
SN/2025/1752,Land/Property,FHC Lagos,South-West,1462,27,24,JNA,9,0,368,1,High
SN/2024/1753,Admiralty,Oyo High Court,South-West,271,6,4,AWC,2,1,19,0,High
SN/2025/1754,Land/Property,Lagos High Court,South-West,1313,30,27,CNR,7,0,262,1,High
SN/2024/1755,Civil,FHC Lagos,South-West,1079,26,22,INP,7,0,125,1,High
SN/2026/1756,Civil,Imo High Court,South-East,1306,30,26,JNA,7,1,82,0,High
SN/2025/1757,Civil,Ogun High Court,South-West,1216,23,16,AWC,6,0,143,1,High
SN/2024/1758,Land/Property,NICN Lagos,South-West,875,30,25,INP,8,0,225,1,High
SN/2026/1759,Commercial,Imo High Court,South-East,1075,22,16,SER,3,1,96,1,High
SN/2026/1760,Civil,Oyo High Court,South-West,468,15,9,INP,10,1,81,0,High
SN/2024/1761,Criminal,Lagos High Court,South-West,843,17,15,AWC,3,1,121,1,High
SN/2024/1762,Criminal,NICN Lagos,South-West,961,25,16,SER,4,0,20,0,High
SN/2024/1763,Constitutional/Fundamental Rights,Lagos High Court,South-West,250,4,2,INP,10,1,60,0,High
SN/2025/1764,Land/Property,Plateau High Court,North-Central,1300,22,19,AWC,6,1,228,1,High
SN/2024/1765,Civil,FHC Enugu,South-East,253,6,3,JNA,6,1,55,0,Moderate
SN/2026/1766,Criminal,Oyo High Court,South-West,734,25,21,INP,3,0,165,1,High
SN/2024/1767,Constitutional/Fundamental Rights,Delta High Court,South-South,217,4,2,CNR,5,0,43,0,High
SN/2025/1768,Criminal,Bauchi High Court,North-East,743,12,11,OTH,6,0,141,1,High
SN/2024/1769,Criminal,FHC Enugu,South-East,1211,25,18,ADR,5,0,384,1,High
SN/2026/1770,Criminal,Lagos High Court,South-West,1007,25,21,CNR,5,0,49,0,High
SN/2026/1771,Criminal,FHC Lagos,South-West,754,18,15,AME,5,0,182,1,High
SN/2024/1772,Civil,Oyo High Court,South-West,800,28,15,AWC,10,0,49,0,High
SN/2026/1773,Criminal,Katsina High Court,North-West,737,13,11,AME,3,1,215,1,High
SN/2026/1774,Family/Probate,Ogun High Court,South-West,450,13,9,CNR,3,0,115,1,High
SN/2026/1775,Criminal,FHC Lagos,South-West,889,17,11,CNR,7,0,95,1,High
SN/2025/1776,Family/Probate,NICN Lagos,South-West,285,6,4,SER,4,0,18,0,High
SN/2026/1777,Land/Property,Rivers High Court,South-South,1562,28,23,AWC,7,0,197,1,High
SN/2025/1778,Family/Probate,Oyo High Court,South-West,290,8,6,CNR,4,0,70,0,High
SN/2025/1779,Civil,Edo High Court,South-South,1268,21,14,SER,2,0,111,1,High
SN/2025/1780,Criminal,NICN Lagos,South-West,1181,21,16,SER,3,0,324,1,High
SN/2025/1781,Civil,Ogun High Court,South-West,877,16,13,AWC,8,0,204,1,High
SN/2025/1782,Criminal,NICN Lagos,South-West,718,17,12,INP,4,1,80,0,High
SN/2025/1783,Constitutional/Fundamental Rights,Anambra High Court,South-East,221,3,1,INP,8,0,39,0,High
SN/2026/1784,Election Petition,Enugu High Court,South-East,262,7,2,AWC,6,0,30,0,High
SN/2025/1785,Civil,FHC Lagos,South-West,393,6,5,CNR,4,1,67,0,High
SN/2026/1786,Civil,FHC Kano,North-West,1159,24,20,STR,9,0,308,1,High
SN/2026/1787,Family/Probate,Edo High Court,South-South,494,16,8,CNR,3,1,13,0,High
SN/2024/1788,Civil,Enugu High Court,South-East,1042,17,13,CNR,7,0,2,0,High
SN/2024/1789,Commercial,NICN Lagos,South-West,526,9,9,AWC,6,1,121,1,High
SN/2026/1790,Constitutional/Fundamental Rights,Oyo High Court,South-West,447,9,7,CNR,3,0,91,1,High
SN/2026/1791,Criminal,Ogun High Court,South-West,1371,25,21,JNA,6,0,73,0,High
SN/2026/1792,Constitutional/Fundamental Rights,Enugu High Court,South-East,331,10,6,CNR,7,0,45,0,High
SN/2026/1793,Criminal,Sokoto High Court,North-West,697,19,18,INP,9,0,167,1,High
SN/2025/1794,Civil,Ogun High Court,South-West,1361,25,19,JNA,6,1,385,1,High
SN/2025/1795,Family/Probate,NICN Lagos,South-West,424,16,12,INP,5,1,41,0,High
SN/2026/1796,Land/Property,NICN Lagos,South-West,1639,35,33,AWC,4,0,379,1,High
SN/2024/1797,Land/Property,Imo High Court,South-East,863,16,11,AWC,4,0,251,1,High
SN/2024/1798,Land/Property,NICN Lagos,South-West,1651,35,27,JNA,2,0,49,0,High
SN/2026/1799,Criminal,Delta High Court,South-South,1092,25,16,SER,6,0,132,1,High
SN/2025/1800,Criminal,Oyo High Court,South-West,872,17,12,AWC,4,0,93,1,High
SN/2025/1801,Criminal,FHC Lagos,South-West,634,11,9,CNR,3,0,62,0,High
SN/2024/1802,Constitutional/Fundamental Rights,Lagos High Court,South-West,557,15,9,CNR,3,0,49,0,High
SN/2025/1803,Land/Property,Delta High Court,South-South,1085,35,32,SER,3,0,126,1,High
SN/2024/1804,Admiralty,Kaduna High Court,North-Central,423,10,3,AWC,2,0,56,0,High
SN/2024/1805,Family/Probate,Lagos High Court,South-West,340,10,5,INP,8,0,70,0,High
SN/2024/1806,Civil,Ogun High Court,South-West,786,18,14,INP,5,1,10,0,High
SN/2026/1807,Land/Property,NICN Abuja,FCT,1345,22,16,INP,4,1,132,1,High
SN/2024/1808,Criminal,Delta High Court,South-South,978,25,15,JNA,3,1,215,1,High
SN/2024/1809,Election Petition,FHC Enugu,South-East,138,3,2,OTH,2,0,17,0,High
SN/2026/1810,Constitutional/Fundamental Rights,Lagos High Court,South-West,458,7,3,INP,9,1,71,0,High
SN/2026/1811,Family/Probate,Rivers High Court,South-South,185,3,1,AWC,2,0,45,0,Moderate
SN/2026/1812,Commercial,Delta High Court,South-South,1391,22,17,AWC,2,0,283,1,High
SN/2024/1813,Criminal,Lagos High Court,South-West,439,7,2,AWC,3,0,95,1,High
SN/2024/1814,Civil,Enugu High Court,South-East,1378,30,25,AME,6,1,3,0,High
SN/2025/1815,Criminal,Kwara High Court,North-Central,889,21,14,OTH,9,0,29,0,High
SN/2026/1816,Civil,Ogun High Court,South-West,1080,21,15,AME,6,1,103,1,High
SN/2026/1817,Civil,FHC Lagos,South-West,764,18,14,SER,4,1,91,1,High
SN/2024/1818,Land/Property,FCT High Court,FCT,836,30,28,JNA,8,0,169,1,High
SN/2024/1819,Criminal,Ogun High Court,South-West,994,21,16,SER,7,0,227,1,High
SN/2024/1820,Criminal,FHC Lagos,South-West,950,17,11,JNA,6,0,282,1,High
SN/2025/1821,Land/Property,Lagos High Court,South-West,1618,28,25,OTH,4,0,420,1,High
SN/2024/1822,Commercial,Imo High Court,South-East,816,22,18,AWC,5,0,120,1,High
SN/2024/1823,Family/Probate,FHC Abuja,FCT,107,2,0,None,7,0,29,0,Low
SN/2024/1824,Constitutional/Fundamental Rights,FHC Lagos,South-West,269,6,4,AWC,9,0,63,0,High
SN/2024/1825,Commercial,FHC Port Harcourt,South-South,880,19,17,AWC,2,0,94,1,High
SN/2025/1826,Family/Probate,Imo High Court,South-East,465,10,5,STR,8,0,91,1,High
SN/2026/1827,Civil,Sokoto High Court,North-West,209,3,1,AWC,10,0,26,0,Low
SN/2024/1828,Family/Probate,FHC Enugu,South-East,377,8,4,INP,3,0,85,0,High
SN/2025/1829,Civil,Ogun High Court,South-West,1598,30,23,JNA,7,0,175,1,High
SN/2026/1830,Civil,Ogun High Court,South-West,960,18,15,JNA,5,0,204,1,High
SN/2025/1831,Land/Property,Ogun High Court,South-West,1870,35,29,AWC,4,0,602,1,High
SN/2025/1832,Criminal,FCT High Court,FCT,510,11,11,ADR,9,0,31,0,High
SN/2024/1833,Family/Probate,Ogun High Court,South-West,141,2,2,CNR,4,0,36,0,Moderate
SN/2025/1834,Land/Property,Court of Appeal Abuja,FCT,1164,21,20,AWC,3,0,348,1,High
SN/2026/1835,Criminal,Anambra High Court,South-East,1067,22,15,AWC,4,0,24,0,High
SN/2025/1836,Commercial,Anambra High Court,South-East,1206,22,17,INP,5,1,121,1,High
SN/2024/1837,Criminal,Lagos High Court,South-West,952,16,13,INP,2,1,93,1,High
SN/2024/1838,Civil,Anambra High Court,South-East,246,4,3,AWC,8,1,64,0,Moderate
SN/2024/1839,Criminal,Edo High Court,South-South,856,22,17,AWC,6,0,205,1,High
SN/2026/1840,Constitutional/Fundamental Rights,Anambra High Court,South-East,176,3,0,None,3,0,23,0,High
SN/2025/1841,Civil,FHC Port Harcourt,South-South,895,17,10,JNA,5,0,225,1,High
SN/2026/1842,Criminal,Lagos High Court,South-West,1311,21,13,INP,3,1,393,1,High
SN/2026/1843,Criminal,NICN Abuja,FCT,353,8,2,AWC,7,0,60,0,High
SN/2025/1844,Criminal,NICN Lagos,South-West,774,16,13,INP,6,0,151,1,High
SN/2026/1845,Criminal,FHC Port Harcourt,South-South,666,18,11,AWC,6,0,3,0,High
SN/2025/1846,Civil,FHC Port Harcourt,South-South,621,17,13,SER,4,0,204,1,High
SN/2024/1847,Civil,NICN Lagos,South-West,1055,24,19,ADR,9,0,278,1,High
SN/2026/1848,Land/Property,NICN Lagos,South-West,1547,35,29,AWC,4,0,499,1,High
SN/2026/1849,Commercial,FHC Abuja,FCT,1048,21,15,ADR,3,0,32,0,High
SN/2026/1850,Civil,Edo High Court,South-South,1197,29,24,INP,5,0,301,1,High
SN/2024/1851,Family/Probate,Oyo High Court,South-West,273,10,6,INP,10,0,62,0,High
SN/2026/1852,Constitutional/Fundamental Rights,NICN Lagos,South-West,317,5,2,AWC,9,0,58,0,High
SN/2026/1853,Family/Probate,Oyo High Court,South-West,489,12,6,ADR,5,0,127,1,High
SN/2026/1854,Criminal,Kano High Court,North-West,268,8,6,OTH,4,1,42,0,High
SN/2025/1855,Criminal,Imo High Court,South-East,969,18,14,SER,3,0,317,1,High
SN/2026/1856,Civil,FHC Lagos,South-West,309,5,5,OTH,4,1,54,0,High
SN/2024/1857,Commercial,NICN Lagos,South-West,942,22,14,JNA,9,0,130,1,High
SN/2026/1858,Criminal,FHC Gombe,North-East,383,9,6,AWC,3,0,115,1,High
SN/2025/1859,Land/Property,Oyo High Court,South-West,955,27,24,AWC,6,0,20,0,High
SN/2026/1860,Family/Probate,Delta High Court,South-South,442,10,8,ADR,4,0,84,0,High
SN/2024/1861,Land/Property,Lagos High Court,South-West,1195,35,29,JNA,3,0,331,1,High
SN/2026/1862,Criminal,NICN Lagos,South-West,509,16,15,AWC,4,1,148,1,High
SN/2025/1863,Commercial,Court of Appeal Abuja,FCT,652,15,10,SER,6,0,203,1,High
SN/2025/1864,Criminal,Oyo High Court,South-West,1359,25,17,AWC,6,0,366,1,High
SN/2025/1865,Admiralty,FHC Kano,North-West,283,8,6,JNA,3,1,20,0,High
SN/2025/1866,Civil,NICN Lagos,South-West,1231,21,18,CNR,5,0,208,1,High
SN/2025/1867,Land/Property,Rivers High Court,South-South,1674,28,22,AWC,5,1,50,0,High
SN/2025/1868,Criminal,FHC Kaduna,North-Central,1015,25,20,AWC,4,0,195,1,High
SN/2025/1869,Family/Probate,FHC Lagos,South-West,404,12,8,SER,4,0,94,1,High
SN/2025/1870,Election Petition,Lagos High Court,South-West,188,3,1,JNA,5,1,13,0,High
SN/2024/1871,Criminal,Lagos High Court,South-West,795,21,16,INP,8,0,35,0,High
SN/2024/1872,Criminal,FCT High Court,FCT,633,15,12,OTH,6,0,73,0,High
SN/2024/1873,Criminal,FHC Lagos,South-West,992,25,17,INP,5,1,267,1,High
SN/2024/1874,Land/Property,FHC Lagos,South-West,1251,35,29,JNA,2,0,54,0,High
SN/2025/1875,Criminal,Lagos High Court,South-West,619,18,13,CNR,4,1,48,0,High
SN/2025/1876,Civil,FHC Lagos,South-West,1252,22,18,OTH,6,0,353,1,High
SN/2025/1877,Criminal,Enugu High Court,South-East,816,19,13,AWC,8,0,223,1,High
SN/2026/1878,Civil,FHC Abuja,FCT,1360,22,18,JNA,3,0,438,1,High
SN/2024/1879,Civil,FHC Enugu,South-East,221,6,4,AWC,5,0,70,0,High
SN/2026/1880,Civil,NICN Lagos,South-West,1717,30,24,STR,7,0,69,0,High
SN/2024/1881,Criminal,FHC Lagos,South-West,894,18,14,AME,2,0,129,1,High
SN/2025/1882,Commercial,Court of Appeal Abuja,FCT,1035,20,15,AWC,3,0,77,0,High
SN/2025/1883,Civil,FHC Port Harcourt,South-South,1195,30,21,INP,8,0,266,1,High
SN/2024/1884,Civil,Delta High Court,South-South,864,20,16,AWC,7,1,286,1,High
SN/2024/1885,Criminal,Sokoto High Court,North-West,802,19,13,OTH,6,0,100,1,High
SN/2026/1886,Civil,Enugu High Court,South-East,598,10,9,AWC,5,0,176,1,High
SN/2024/1887,Civil,Oyo High Court,South-West,440,8,8,INP,10,0,49,0,High
SN/2026/1888,Civil,Oyo High Court,South-West,1020,19,16,JNA,4,0,113,1,High
SN/2024/1889,Civil,Ogun High Court,South-West,894,29,26,AWC,9,0,134,1,High
SN/2026/1890,Civil,Adamawa High Court,North-East,866,30,25,CNR,4,0,187,1,High
SN/2026/1891,Criminal,Ogun High Court,South-West,974,25,20,SER,6,0,230,1,High
SN/2025/1892,Commercial,FHC Port Harcourt,South-South,838,19,13,SER,5,0,11,0,High
SN/2025/1893,Criminal,Lagos High Court,South-West,1214,25,20,AWC,7,0,350,1,High
SN/2024/1894,Criminal,Rivers High Court,South-South,549,9,5,CNR,7,0,118,1,High
SN/2026/1895,Commercial,Rivers High Court,South-South,334,12,9,AWC,8,0,96,1,High
SN/2025/1896,Criminal,Ogun High Court,South-West,934,17,12,AWC,5,0,75,0,High
SN/2025/1897,Civil,FHC Enugu,South-East,1251,30,23,CNR,4,0,390,1,High
SN/2026/1898,Family/Probate,NICN Lagos,South-West,272,9,1,AWC,4,1,70,0,High
SN/2026/1899,Election Petition,Ogun High Court,South-West,277,5,3,INP,3,0,2,0,High
SN/2026/1900,Criminal,Rivers High Court,South-South,710,12,12,SER,4,0,142,1,High
SN/2026/1901,Criminal,NICN Lagos,South-West,880,25,16,AWC,5,0,178,1,High
SN/2024/1902,Criminal,Katsina High Court,North-West,822,25,20,CNR,3,0,115,1,High
SN/2024/1903,Criminal,Rivers High Court,South-South,627,18,13,INP,3,1,20,0,High
SN/2026/1904,Admiralty,Edo High Court,South-South,253,4,2,JNA,7,0,44,0,High
SN/2024/1905,Election Petition,Oyo High Court,South-West,119,4,0,None,6,0,31,0,High
SN/2024/1906,Family/Probate,Delta High Court,South-South,516,10,6,CNR,4,0,65,0,High
SN/2024/1907,Civil,Delta High Court,South-South,1192,30,25,JNA,3,1,193,1,High
SN/2026/1908,Land/Property,Ogun High Court,South-West,2000,35,32,INP,3,0,518,1,High
SN/2026/1909,Criminal,FHC Kano,North-West,1009,25,18,INP,3,0,165,1,High
SN/2024/1910,Commercial,Lagos High Court,South-West,746,17,9,CNR,3,0,219,1,High
SN/2026/1911,Civil,Edo High Court,South-South,1226,30,22,AWC,3,0,275,1,High
SN/2025/1912,Family/Probate,Sokoto High Court,North-West,401,8,5,AWC,5,0,91,1,High
SN/2024/1913,Land/Property,Rivers High Court,South-South,1900,35,29,AWC,2,0,226,1,High
SN/2024/1914,Civil,Oyo High Court,South-West,1161,25,20,INP,5,0,176,1,High
SN/2025/1915,Criminal,NICN Lagos,South-West,1089,25,22,INP,5,0,96,1,High
SN/2024/1916,Civil,Oyo High Court,South-West,1554,30,21,AWC,2,0,8,0,High
SN/2026/1917,Criminal,Ogun High Court,South-West,600,10,6,INP,4,0,193,1,High
SN/2026/1918,Admiralty,Plateau High Court,North-Central,255,4,3,INP,3,0,11,0,High
SN/2025/1919,Land/Property,Kaduna High Court,North-Central,1424,26,21,INP,3,0,282,1,High
SN/2025/1920,Criminal,NICN Lagos,South-West,623,12,12,SER,5,0,199,1,High
SN/2025/1921,Criminal,Plateau High Court,North-Central,816,25,17,JNA,3,0,181,1,High
SN/2024/1922,Land/Property,FCT High Court,FCT,1897,35,28,CNR,3,0,250,1,High
SN/2024/1923,Land/Property,Lagos High Court,South-West,1162,35,31,CNR,7,0,187,1,High
SN/2026/1924,Commercial,Ogun High Court,South-West,629,21,12,CNR,7,0,90,0,High
SN/2025/1925,Criminal,Edo High Court,South-South,1026,25,18,SER,5,1,257,1,High
SN/2024/1926,Land/Property,Ogun High Court,South-West,1052,33,28,ADR,6,0,211,1,High
SN/2025/1927,Family/Probate,Kaduna High Court,North-Central,344,6,3,SER,4,0,80,0,High
SN/2024/1928,Commercial,Delta High Court,South-South,791,22,16,JNA,5,0,206,1,High
SN/2024/1929,Criminal,FHC Kaduna,North-Central,761,22,15,INP,3,0,52,0,High
SN/2024/1930,Criminal,NICN Lagos,South-West,911,18,15,SER,9,0,80,0,High
SN/2024/1931,Criminal,Ogun High Court,South-West,909,24,19,JNA,3,0,158,1,High
SN/2025/1932,Criminal,Delta High Court,South-South,501,19,16,INP,4,0,114,1,High
SN/2026/1933,Family/Probate,Delta High Court,South-South,478,8,6,CNR,2,0,50,0,High
SN/2025/1934,Criminal,Kwara High Court,North-Central,790,22,17,JNA,3,0,28,0,High
SN/2024/1935,Commercial,FHC Lagos,South-West,979,22,15,ADR,7,0,104,1,High
SN/2025/1936,Criminal,Borno High Court,North-East,275,5,2,JNA,9,0,82,0,Moderate
SN/2026/1937,Criminal,Imo High Court,South-East,1193,22,16,CNR,3,0,363,1,High
SN/2025/1938,Civil,FHC Port Harcourt,South-South,1181,21,17,CNR,3,0,252,1,High
SN/2024/1939,Criminal,Delta High Court,South-South,971,25,18,INP,2,1,235,1,High
SN/2026/1940,Civil,Oyo High Court,South-West,1501,30,19,AWC,3,1,422,1,High
SN/2025/1941,Criminal,FHC Lagos,South-West,849,15,12,CNR,6,0,130,1,High
SN/2025/1942,Civil,Ogun High Court,South-West,895,16,14,JNA,5,0,279,1,High
SN/2025/1943,Commercial,FHC Lagos,South-West,931,20,16,CNR,3,0,239,1,High
SN/2024/1944,Criminal,FHC Enugu,South-East,702,15,11,OTH,2,0,109,1,High
SN/2024/1945,Criminal,Lagos High Court,South-West,972,25,18,ADR,6,0,202,1,High
SN/2026/1946,Commercial,Oyo High Court,South-West,246,5,3,AWC,4,0,55,0,Moderate
SN/2025/1947,Commercial,FHC Abuja,FCT,1261,22,15,CNR,5,1,260,1,High
SN/2025/1948,Commercial,Anambra High Court,South-East,861,14,6,SER,2,0,199,1,High
SN/2026/1949,Family/Probate,Enugu High Court,South-East,383,8,5,AWC,3,0,33,0,High
SN/2024/1950,Criminal,Oyo High Court,South-West,689,23,18,OTH,6,0,193,1,High
SN/2026/1951,Civil,Anambra High Court,South-East,1139,30,27,AWC,3,0,370,1,High
SN/2025/1952,Civil,FHC Lagos,South-West,827,15,13,AWC,8,0,237,1,High
SN/2026/1953,Land/Property,Ogun High Court,South-West,1828,35,29,AWC,7,0,496,1,High
SN/2024/1954,Family/Probate,FHC Lagos,South-West,77,1,0,None,11,0,24,0,Low
SN/2025/1955,Criminal,Oyo High Court,South-West,257,6,5,JNA,9,0,29,0,High
SN/2024/1956,Criminal,NICN Lagos,South-West,851,19,17,CNR,5,0,134,1,High
SN/2026/1957,Admiralty,NICN Lagos,South-West,617,13,10,SER,5,0,66,0,High
SN/2024/1958,Civil,Ogun High Court,South-West,1701,30,23,INP,4,0,67,0,High
SN/2025/1959,Constitutional/Fundamental Rights,FHC Lagos,South-West,156,3,2,AWC,4,0,28,0,Moderate
SN/2025/1960,Family/Probate,Kano High Court,North-West,292,6,2,CNR,9,0,20,0,High
SN/2026/1961,Family/Probate,Oyo High Court,South-West,602,18,12,INP,4,0,58,0,High
SN/2025/1962,Land/Property,NICN Lagos,South-West,1556,35,29,CNR,6,0,419,1,High
SN/2025/1963,Civil,FCT High Court,FCT,1158,19,14,INP,7,1,315,1,High
SN/2026/1964,Civil,FHC Lagos,South-West,1212,23,16,INP,4,1,155,1,High
SN/2024/1965,Commercial,Lagos High Court,South-West,847,14,12,INP,9,0,103,1,High
SN/2024/1966,Civil,FHC Kano,North-West,939,24,19,SER,5,0,89,0,High
SN/2026/1967,Criminal,FHC Kaduna,North-Central,1036,21,18,SER,4,0,280,1,High
SN/2024/1968,Criminal,FHC Enugu,South-East,517,8,5,SER,4,0,98,1,High
SN/2025/1969,Criminal,NICN Lagos,South-West,619,14,10,AWC,10,0,97,1,High
SN/2026/1970,Criminal,NICN Lagos,South-West,391,12,9,INP,8,0,2,0,High
SN/2025/1971,Civil,FHC Lagos,South-West,1601,30,27,AWC,3,1,399,1,High
SN/2026/1972,Land/Property,NICN Lagos,South-West,474,8,8,STR,3,0,8,0,High
SN/2024/1973,Civil,Lagos High Court,South-West,1384,30,25,AWC,5,1,175,1,High
SN/2025/1974,Family/Probate,Court of Appeal Abuja,FCT,236,6,3,INP,7,0,41,0,Moderate
SN/2024/1975,Family/Probate,FHC Kano,North-West,384,12,7,ADR,6,1,14,0,High
SN/2026/1976,Family/Probate,FHC Lagos,South-West,329,6,4,INP,2,0,2,0,High
SN/2025/1977,Criminal,Anambra High Court,South-East,511,17,13,CNR,5,1,116,1,High
SN/2025/1978,Constitutional/Fundamental Rights,Anambra High Court,South-East,338,7,2,SER,6,0,92,1,High
SN/2026/1979,Family/Probate,FHC Kaduna,North-Central,280,7,3,AWC,3,0,81,0,High
SN/2026/1980,Civil,Edo High Court,South-South,624,13,10,AWC,7,0,1,0,High
SN/2026/1981,Criminal,Ogun High Court,South-West,678,12,7,OTH,4,0,195,1,High
SN/2026/1982,Civil,FHC Enugu,South-East,890,30,24,INP,3,0,148,1,High
SN/2026/1983,Criminal,Kaduna High Court,North-Central,1000,25,14,INP,6,0,83,0,High
SN/2024/1984,Criminal,Edo High Court,South-South,1360,25,22,CNR,6,1,434,1,High
SN/2026/1985,Family/Probate,FHC Lagos,South-West,265,7,2,CNR,9,0,48,0,High
SN/2025/1986,Commercial,Rivers High Court,South-South,871,19,13,AWC,4,0,175,1,High
SN/2024/1987,Criminal,Kwara High Court,North-Central,898,22,13,JNA,9,1,19,0,High
SN/2025/1988,Civil,NICN Lagos,South-West,1015,28,19,AWC,3,1,10,0,High
SN/2025/1989,Civil,Plateau High Court,North-Central,1246,27,21,AWC,7,0,51,0,High
SN/2025/1990,Commercial,Oyo High Court,South-West,1163,22,19,JNA,4,0,324,1,High
SN/2026/1991,Criminal,FHC Lagos,South-West,1063,21,13,JNA,4,0,192,1,High
SN/2024/1992,Criminal,Anambra High Court,South-East,1061,22,19,INP,2,1,168,1,High
SN/2026/1993,Criminal,Imo High Court,South-East,295,11,8,AWC,5,1,11,0,High
SN/2026/1994,Land/Property,FHC Lagos,South-West,1348,35,28,INP,2,0,151,1,High
SN/2026/1995,Family/Probate,FHC Lagos,South-West,476,8,4,AWC,5,0,147,1,High
SN/2024/1996,Civil,Sokoto High Court,North-West,1036,30,25,JNA,6,1,142,1,High
SN/2025/1997,Land/Property,Kaduna High Court,North-Central,687,15,13,INP,5,1,109,1,High
SN/2026/1998,Constitutional/Fundamental Rights,Oyo High Court,South-West,176,4,2,AME,5,0,22,0,High
SN/2026/1999,Civil,Delta High Court,South-South,771,16,13,ADR,7,0,49,0,High
SN/2026/2000,Land/Property,FHC Lagos,South-West,1823,35,31,AWC,9,0,378,1,High
SN/2025/2001,Civil,Rivers High Court,South-South,545,16,14,AME,9,0,174,1,High
SN/2026/2002,Criminal,Bauchi High Court,North-East,575,16,12,JNA,3,0,135,1,High
SN/2024/2003,Civil,Delta High Court,South-South,1019,19,17,SER,9,1,91,1,High
SN/2024/2004,Criminal,Kwara High Court,North-Central,662,25,18,AME,5,0,172,1,High
SN/2025/2005,Civil,FHC Enugu,South-East,760,12,11,JNA,2,0,235,1,High
SN/2026/2006,Civil,Katsina High Court,North-West,272,4,3,INP,3,0,47,0,Moderate
SN/2026/2007,Criminal,FHC Enugu,South-East,586,16,11,OTH,6,1,194,1,High
SN/2024/2008,Civil,Rivers High Court,South-South,863,14,13,JNA,3,0,108,1,High
SN/2025/2009,Civil,Lagos High Court,South-West,1179,30,23,OTH,4,0,216,1,High
SN/2026/2010,Admiralty,Plateau High Court,North-Central,336,11,6,AWC,10,0,17,0,High
SN/2026/2011,Family/Probate,NICN Abuja,FCT,563,12,6,CNR,7,1,170,1,High
SN/2025/2012,Criminal,FHC Port Harcourt,South-South,844,25,24,CNR,6,0,221,1,High
SN/2025/2013,Commercial,NICN Lagos,South-West,1049,22,16,INP,7,0,274,1,High
SN/2025/2014,Civil,Anambra High Court,South-East,841,17,15,JNA,6,0,177,1,High
SN/2026/2015,Criminal,Imo High Court,South-East,269,6,5,AWC,3,0,69,0,High
SN/2025/2016,Criminal,Oyo High Court,South-West,1224,24,16,AWC,10,0,238,1,High
SN/2026/2017,Commercial,FCT High Court,FCT,915,22,13,JNA,3,0,44,0,High
SN/2026/2018,Civil,Bauchi High Court,North-East,892,17,13,AME,4,1,154,1,High
SN/2024/2019,Criminal,Enugu High Court,South-East,881,25,13,AWC,8,0,112,1,High
SN/2026/2020,Family/Probate,Plateau High Court,North-Central,379,7,5,OTH,2,0,36,0,High
SN/2026/2021,Family/Probate,Ogun High Court,South-West,338,7,5,INP,3,0,90,0,High
SN/2024/2022,Civil,Oyo High Court,South-West,1384,30,24,CNR,7,1,195,1,High
SN/2026/2023,Civil,Anambra High Court,South-East,625,18,13,AWC,5,1,135,1,High
SN/2025/2024,Criminal,Lagos High Court,South-West,745,25,18,CNR,3,0,45,0,High
SN/2024/2025,Family/Probate,Imo High Court,South-East,277,7,2,SER,4,0,7,0,High
SN/2025/2026,Civil,Edo High Court,South-South,895,26,22,JNA,5,0,226,1,High
SN/2026/2027,Family/Probate,FHC Abuja,FCT,334,8,4,INP,6,0,26,0,High
SN/2024/2028,Land/Property,Imo High Court,South-East,706,19,18,INP,3,0,193,1,High
SN/2024/2029,Civil,Katsina High Court,North-West,441,10,6,ADR,10,1,77,0,High
SN/2024/2030,Criminal,FCT High Court,FCT,982,21,13,AWC,5,1,241,1,High
SN/2024/2031,Civil,Enugu High Court,South-East,738,16,10,INP,10,0,244,1,High
SN/2025/2032,Criminal,Delta High Court,South-South,518,13,12,AME,7,0,48,0,High
SN/2024/2033,Family/Probate,FHC Enugu,South-East,280,5,4,INP,5,0,34,0,High
SN/2026/2034,Criminal,Ogun High Court,South-West,442,14,12,INP,3,0,110,1,High
SN/2024/2035,Commercial,Edo High Court,South-South,213,8,7,SER,9,0,49,0,High
SN/2024/2036,Commercial,Imo High Court,South-East,896,22,19,CNR,5,0,12,0,High
SN/2025/2037,Criminal,Ogun High Court,South-West,938,20,13,CNR,4,0,10,0,High
SN/2025/2038,Criminal,Delta High Court,South-South,818,14,11,AME,9,0,14,0,High
SN/2026/2039,Commercial,Oyo High Court,South-West,539,11,9,AME,8,0,167,1,High
SN/2025/2040,Civil,NICN Lagos,South-West,1161,25,18,CNR,5,1,258,1,High
SN/2026/2041,Criminal,Lagos High Court,South-West,957,19,15,INP,9,0,278,1,High
SN/2026/2042,Criminal,Lagos High Court,South-West,1104,25,15,ADR,3,0,189,1,High
SN/2025/2043,Criminal,FHC Enugu,South-East,1042,25,19,SER,3,0,283,1,High
SN/2025/2044,Commercial,Edo High Court,South-South,540,9,4,CNR,6,0,103,1,High
SN/2025/2045,Land/Property,Delta High Court,South-South,1608,35,32,JNA,4,1,468,1,High
SN/2024/2046,Criminal,Kaduna High Court,North-Central,985,25,19,SER,5,0,8,0,High
SN/2024/2047,Criminal,Ogun High Court,South-West,1474,25,20,JNA,3,0,57,0,High
SN/2026/2048,Land/Property,Ogun High Court,South-West,1822,35,32,AWC,4,0,466,1,High
SN/2024/2049,Criminal,Katsina High Court,North-West,312,9,7,INP,4,0,14,0,High
SN/2026/2050,Civil,Oyo High Court,South-West,1152,26,23,INP,3,0,125,1,High
SN/2026/2051,Commercial,NICN Lagos,South-West,572,13,8,STR,7,0,85,0,High
SN/2024/2052,Election Petition,Katsina High Court,North-West,37,1,1,AWC,4,0,2,0,Low
SN/2026/2053,Family/Probate,NICN Lagos,South-West,416,8,6,JNA,3,0,59,0,High
SN/2026/2054,Civil,Enugu High Court,South-East,1057,21,18,OTH,5,0,242,1,High
SN/2026/2055,Family/Probate,Lagos High Court,South-West,330,8,4,SER,5,0,69,0,High
SN/2025/2056,Criminal,FHC Enugu,South-East,678,12,7,JNA,3,0,169,1,High
SN/2025/2057,Land/Property,Oyo High Court,South-West,1314,35,27,AWC,3,0,240,1,High
SN/2026/2058,Election Petition,FHC Lagos,South-West,115,3,2,AME,5,1,36,0,High
SN/2024/2059,Admiralty,FHC Lagos,South-West,337,12,5,AWC,3,1,73,0,High
SN/2025/2060,Criminal,FHC Lagos,South-West,1114,25,20,SER,4,0,8,0,High
SN/2025/2061,Criminal,Rivers High Court,South-South,772,14,10,CNR,2,0,226,1,High
SN/2025/2062,Criminal,Lagos High Court,South-West,1152,25,22,AWC,8,0,201,1,High
SN/2026/2063,Land/Property,FHC Port Harcourt,South-South,684,18,15,AWC,3,0,16,0,High
SN/2024/2064,Civil,FHC Lagos,South-West,272,9,7,JNA,4,0,12,0,High
SN/2026/2065,Criminal,Katsina High Court,North-West,1023,17,12,INP,2,1,223,1,High
SN/2026/2066,Family/Probate,Plateau High Court,North-Central,446,8,5,SER,4,1,20,0,High
SN/2026/2067,Civil,Imo High Court,South-East,1571,29,24,AWC,9,0,455,1,High
SN/2024/2068,Land/Property,FHC Lagos,South-West,1447,35,28,OTH,9,0,458,1,High
SN/2024/2069,Family/Probate,Oyo High Court,South-West,283,5,2,INP,2,0,30,0,High
SN/2026/2070,Land/Property,Enugu High Court,South-East,1606,32,26,AME,7,1,19,0,High
SN/2024/2071,Land/Property,Anambra High Court,South-East,913,28,21,OTH,6,0,140,1,High
SN/2025/2072,Constitutional/Fundamental Rights,NICN Lagos,South-West,391,15,10,AME,3,0,28,0,High
SN/2025/2073,Civil,FHC Kaduna,North-Central,965,16,13,CNR,5,1,243,1,High
SN/2025/2074,Commercial,Court of Appeal Abuja,FCT,389,7,6,AME,6,0,13,0,High
SN/2026/2075,Criminal,Sokoto High Court,North-West,1051,25,18,AWC,3,0,226,1,High
SN/2026/2076,Civil,Delta High Court,South-South,710,17,13,AWC,4,1,181,1,High
SN/2026/2077,Civil,Ogun High Court,South-West,628,10,6,OTH,5,0,109,1,High
SN/2025/2078,Civil,Edo High Court,South-South,709,13,10,SER,8,0,87,0,High
SN/2025/2079,Land/Property,Ogun High Court,South-West,1791,35,31,AWC,5,0,381,1,High
SN/2025/2080,Civil,NICN Lagos,South-West,1142,30,25,JNA,4,0,11,0,High
SN/2026/2081,Criminal,Ogun High Court,South-West,1087,19,14,OTH,7,0,249,1,High
SN/2026/2082,Civil,FHC Lagos,South-West,160,3,3,INP,4,1,38,0,Moderate
SN/2024/2083,Civil,NICN Lagos,South-West,786,16,14,AWC,10,1,37,0,High
SN/2025/2084,Family/Probate,FHC Enugu,South-East,289,6,3,SER,5,0,42,0,High
SN/2026/2085,Criminal,Oyo High Court,South-West,871,17,10,OTH,7,1,114,1,High
SN/2025/2086,Admiralty,Ogun High Court,South-West,624,17,7,AWC,6,0,161,1,High
SN/2025/2087,Constitutional/Fundamental Rights,Delta High Court,South-South,71,2,1,CNR,5,0,11,0,Low
SN/2025/2088,Constitutional/Fundamental Rights,Katsina High Court,North-West,217,6,2,CNR,8,1,69,0,High
SN/2026/2089,Land/Property,Sokoto High Court,North-West,696,12,10,AWC,8,0,202,1,High
SN/2024/2090,Criminal,FHC Lagos,South-West,61,1,0,None,5,0,19,0,Low
SN/2024/2091,Criminal,FHC Port Harcourt,South-South,370,6,5,AME,7,0,8,0,High
SN/2025/2092,Criminal,Katsina High Court,North-West,459,7,4,AME,8,0,48,0,High
SN/2025/2093,Criminal,Delta High Court,South-South,533,9,8,AWC,4,0,165,1,High
SN/2024/2094,Family/Probate,FCT High Court,FCT,576,10,5,AME,5,1,171,1,High
SN/2026/2095,Land/Property,Lagos High Court,South-West,863,15,11,JNA,4,1,16,0,High
SN/2024/2096,Civil,Katsina High Court,North-West,600,11,10,INP,6,0,184,1,High
SN/2024/2097,Civil,Kaduna High Court,North-Central,622,11,8,AWC,7,0,207,1,High
SN/2024/2098,Criminal,FHC Lagos,South-West,1209,25,16,INP,5,0,319,1,High
SN/2026/2099,Criminal,Delta High Court,South-South,966,25,23,AWC,6,0,26,0,High
SN/2026/2100,Criminal,Edo High Court,South-South,685,15,14,OTH,4,0,172,1,High
SN/2025/2101,Commercial,NICN Lagos,South-West,1275,22,18,CNR,8,1,308,1,High
SN/2024/2102,Criminal,Ogun High Court,South-West,769,16,11,AME,7,0,85,0,High
SN/2026/2103,Constitutional/Fundamental Rights,Imo High Court,South-East,195,6,3,STR,4,1,7,0,High
SN/2025/2104,Land/Property,Delta High Court,South-South,1202,21,14,INP,3,0,235,1,High
SN/2024/2105,Land/Property,Lagos High Court,South-West,1982,34,28,CNR,4,0,221,1,High
SN/2025/2106,Civil,Lagos High Court,South-West,1304,22,16,CNR,4,0,404,1,High
SN/2025/2107,Admiralty,Edo High Court,South-South,568,15,10,INP,7,0,112,1,High
SN/2025/2108,Election Petition,Lagos High Court,South-West,215,3,0,None,5,1,25,0,High
SN/2024/2109,Civil,Rivers High Court,South-South,1206,30,24,ADR,4,0,263,1,High
SN/2026/2110,Criminal,FCT High Court,FCT,176,3,1,OTH,2,1,16,0,Low
SN/2024/2111,Land/Property,NICN Abuja,FCT,1109,25,23,INP,6,0,51,0,High
SN/2026/2112,Civil,Ogun High Court,South-West,885,19,15,SER,2,0,125,1,High
SN/2025/2113,Commercial,NICN Lagos,South-West,1190,22,15,JNA,6,1,152,1,High
SN/2025/2114,Civil,Oyo High Court,South-West,384,13,11,CNR,3,0,86,0,High
SN/2024/2115,Family/Probate,Kano High Court,North-West,261,9,6,AWC,7,1,58,0,High
SN/2024/2116,Criminal,Ogun High Court,South-West,1000,18,15,CNR,6,0,245,1,High
SN/2025/2117,Admiralty,FHC Kano,North-West,219,5,2,INP,9,0,10,0,Moderate
SN/2026/2118,Criminal,Ogun High Court,South-West,1168,25,20,INP,5,0,374,1,High
SN/2026/2119,Criminal,Ogun High Court,South-West,1092,20,14,CNR,9,0,66,0,High
SN/2025/2120,Election Petition,FHC Enugu,South-East,38,1,0,None,7,0,7,0,Low
SN/2025/2121,Land/Property,Rivers High Court,South-South,1660,35,30,AWC,6,0,370,1,High
SN/2024/2122,Family/Probate,FHC Lagos,South-West,636,11,8,STR,4,1,193,1,High
SN/2026/2123,Civil,Lagos High Court,South-West,1141,19,16,JNA,4,1,135,1,High
SN/2026/2124,Civil,FHC Enugu,South-East,972,30,26,INP,9,1,175,1,High
SN/2025/2125,Constitutional/Fundamental Rights,NICN Lagos,South-West,330,9,7,JNA,6,0,72,0,High
SN/2024/2126,Commercial,FHC Enugu,South-East,1175,21,15,OTH,3,0,261,1,High
SN/2024/2127,Family/Probate,Delta High Court,South-South,300,5,4,CNR,6,1,55,0,High
SN/2026/2128,Civil,FHC Port Harcourt,South-South,1259,30,27,CNR,9,0,285,1,High
SN/2026/2129,Land/Property,Ogun High Court,South-West,960,20,19,CNR,4,0,109,1,High
SN/2024/2130,Land/Property,Lagos High Court,South-West,2000,35,31,STR,4,1,589,1,High
SN/2025/2131,Election Petition,FHC Port Harcourt,South-South,190,3,2,AWC,4,0,15,0,High
SN/2026/2132,Criminal,NICN Lagos,South-West,1263,22,12,STR,9,1,176,1,High
SN/2025/2133,Criminal,Oyo High Court,South-West,1232,25,16,INP,5,0,295,1,High
SN/2024/2134,Civil,FHC Lagos,South-West,1767,30,25,OTH,3,0,434,1,High
SN/2024/2135,Criminal,Plateau High Court,North-Central,1062,17,13,INP,5,0,118,1,High
SN/2025/2136,Land/Property,FHC Enugu,South-East,1950,35,32,CNR,4,0,543,1,High
SN/2025/2137,Constitutional/Fundamental Rights,Sokoto High Court,North-West,66,1,0,None,5,0,6,0,Low
SN/2026/2138,Constitutional/Fundamental Rights,Court of Appeal Abuja,FCT,442,8,4,CNR,2,0,118,1,High
SN/2024/2139,Civil,Ogun High Court,South-West,1458,25,20,ADR,4,0,460,1,High
SN/2026/2140,Criminal,Lagos High Court,South-West,348,11,7,OTH,6,0,56,0,High
SN/2024/2141,Criminal,FHC Port Harcourt,South-South,829,15,13,SER,6,0,168,1,High
SN/2024/2142,Election Petition,Ogun High Court,South-West,180,5,3,OTH,5,1,25,0,High
SN/2024/2143,Civil,Kano High Court,North-West,1108,26,21,AWC,5,0,237,1,High
SN/2024/2144,Civil,Kano High Court,North-West,1025,25,20,AWC,2,0,318,1,High
SN/2026/2145,Criminal,FHC Kaduna,North-Central,440,11,8,JNA,9,0,52,0,High
SN/2024/2146,Land/Property,Oyo High Court,South-West,1607,28,25,JNA,5,1,190,1,High
SN/2024/2147,Civil,Kaduna High Court,North-Central,477,15,11,SER,6,1,148,1,High
SN/2025/2148,Land/Property,FHC Enugu,South-East,1008,23,16,CNR,5,1,5,0,High
SN/2025/2149,Criminal,NICN Lagos,South-West,1051,18,15,JNA,7,0,117,1,High
SN/2024/2150,Civil,FHC Lagos,South-West,1326,30,21,CNR,5,0,222,1,High
SN/2026/2151,Civil,FCT High Court,FCT,1474,30,24,CNR,3,0,122,1,High
SN/2026/2152,Civil,Delta High Court,South-South,639,12,8,ADR,4,0,47,0,High
SN/2026/2153,Commercial,Oyo High Court,South-West,899,18,13,JNA,7,0,269,1,High
SN/2026/2154,Criminal,Oyo High Court,South-West,279,5,3,AWC,6,0,24,0,Moderate
SN/2024/2155,Land/Property,Edo High Court,South-South,1092,28,25,ADR,5,0,118,1,High
SN/2025/2156,Criminal,Oyo High Court,South-West,649,24,17,OTH,6,1,124,1,High
SN/2026/2157,Criminal,NICN Lagos,South-West,801,14,10,SER,5,0,54,0,High
SN/2024/2158,Civil,NICN Lagos,South-West,1206,30,24,AWC,10,0,260,1,High
SN/2025/2159,Civil,Oyo High Court,South-West,1632,27,21,INP,5,1,524,1,High
SN/2024/2160,Civil,FHC Lagos,South-West,1266,30,28,CNR,6,1,114,1,High
SN/2024/2161,Land/Property,FHC Kano,North-West,756,27,23,INP,4,0,41,0,High
SN/2026/2162,Criminal,NICN Lagos,South-West,935,19,12,SER,3,0,249,1,High
SN/2025/2163,Family/Probate,FHC Enugu,South-East,168,2,1,AWC,6,1,27,0,Moderate
SN/2026/2164,Commercial,Ogun High Court,South-West,807,22,14,AWC,5,0,198,1,High
SN/2025/2165,Commercial,Ogun High Court,South-West,536,9,7,INP,4,0,70,0,High
SN/2026/2166,Criminal,Borno High Court,North-East,875,25,22,SER,5,0,152,1,High
SN/2024/2167,Family/Probate,Kaduna High Court,North-Central,368,6,5,AWC,7,0,66,0,High
SN/2024/2168,Land/Property,Katsina High Court,North-West,179,3,3,AWC,4,0,20,0,Moderate
SN/2024/2169,Civil,Edo High Court,South-South,1404,27,19,AWC,3,0,376,1,High
SN/2025/2170,Admiralty,Ogun High Court,South-West,610,18,13,AME,3,1,109,1,High
SN/2025/2171,Criminal,Kwara High Court,North-Central,554,10,8,STR,11,0,55,0,High
SN/2025/2172,Land/Property,Lagos High Court,South-West,1034,22,20,AWC,7,1,251,1,High
SN/2025/2173,Criminal,Lagos High Court,South-West,1115,24,19,OTH,4,0,113,1,High
SN/2026/2174,Criminal,NICN Lagos,South-West,1050,25,19,SER,4,1,172,1,High
SN/2024/2175,Family/Probate,Rivers High Court,South-South,273,8,5,AWC,9,1,70,0,High
SN/2026/2176,Land/Property,Lagos High Court,South-West,1418,35,28,CNR,3,0,199,1,High
SN/2025/2177,Civil,FHC Port Harcourt,South-South,1096,30,20,JNA,7,0,305,1,High
SN/2026/2178,Civil,Lagos High Court,South-West,208,5,3,CNR,8,0,25,0,Moderate
SN/2024/2179,Land/Property,Imo High Court,South-East,903,16,14,AWC,2,1,252,1,High
SN/2024/2180,Commercial,NICN Lagos,South-West,650,14,8,AWC,9,0,180,1,High
SN/2025/2181,Land/Property,FHC Lagos,South-West,1380,24,21,AWC,3,1,399,1,High
SN/2024/2182,Civil,Plateau High Court,North-Central,1414,24,17,CNR,5,0,207,1,High
SN/2026/2183,Civil,Lagos High Court,South-West,641,14,10,INP,3,0,37,0,High
SN/2026/2184,Commercial,Enugu High Court,South-East,557,21,17,CNR,5,0,52,0,High
SN/2025/2185,Criminal,FCT High Court,FCT,778,20,12,INP,6,0,234,1,High
SN/2026/2186,Family/Probate,NICN Lagos,South-West,300,6,2,JNA,4,0,36,0,High
SN/2024/2187,Civil,Ogun High Court,South-West,1237,30,26,CNR,5,1,23,0,High
SN/2026/2188,Family/Probate,Enugu High Court,South-East,173,6,2,AWC,4,1,16,0,Moderate
SN/2024/2189,Criminal,NICN Lagos,South-West,823,25,20,INP,8,0,244,1,High
SN/2026/2190,Criminal,Lagos High Court,South-West,514,17,13,JNA,3,0,77,0,High
SN/2026/2191,Admiralty,Bauchi High Court,North-East,309,10,7,CNR,3,0,78,0,High
SN/2025/2192,Criminal,NICN Lagos,South-West,942,19,17,INP,3,0,173,1,High
SN/2025/2193,Civil,Lagos High Court,South-West,884,23,17,INP,3,1,198,1,High
SN/2024/2194,Commercial,Rivers High Court,South-South,918,22,14,CNR,10,1,226,1,High
SN/2026/2195,Criminal,Delta High Court,South-South,738,16,12,CNR,7,0,78,0,High
SN/2024/2196,Land/Property,NICN Lagos,South-West,382,9,9,SER,8,0,81,0,High
SN/2025/2197,Constitutional/Fundamental Rights,Imo High Court,South-East,143,3,2,JNA,5,0,14,0,Moderate
SN/2026/2198,Criminal,NICN Abuja,FCT,1039,21,14,CNR,2,0,201,1,High
SN/2024/2199,Constitutional/Fundamental Rights,FHC Lagos,South-West,473,14,8,INP,3,0,56,0,High
SN/2024/2200,Civil,Bauchi High Court,North-East,405,10,6,SER,6,0,59,0,High
SN/2026/2201,Family/Probate,Oyo High Court,South-West,383,10,6,JNA,7,1,59,0,High
SN/2025/2202,Civil,Oyo High Court,South-West,882,19,15,CNR,7,1,59,0,High
SN/2026/2203,Civil,Anambra High Court,South-East,766,14,9,OTH,4,0,90,0,High
SN/2024/2204,Civil,Sokoto High Court,North-West,694,11,9,CNR,4,0,174,1,High
SN/2025/2205,Land/Property,FHC Lagos,South-West,485,12,9,ADR,6,1,149,1,High
SN/2025/2206,Commercial,NICN Lagos,South-West,1035,22,16,AWC,3,0,280,1,High
SN/2024/2207,Criminal,FHC Lagos,South-West,1470,25,24,SER,3,0,222,1,High
SN/2026/2208,Criminal,Rivers High Court,South-South,611,14,10,AWC,6,0,84,0,High
SN/2024/2209,Civil,Rivers High Court,South-South,1000,18,11,SER,5,0,116,1,High
SN/2025/2210,Civil,FHC Lagos,South-West,1086,21,10,OTH,4,0,348,1,High
SN/2025/2211,Family/Probate,FHC Port Harcourt,South-South,275,8,3,ADR,7,0,21,0,High
SN/2026/2212,Commercial,Delta High Court,South-South,635,11,4,SER,3,0,27,0,High
SN/2024/2213,Election Petition,FCT High Court,FCT,192,3,1,JNA,5,1,39,0,High
SN/2025/2214,Commercial,Imo High Court,South-East,1151,22,14,AWC,10,0,200,1,High
SN/2025/2215,Constitutional/Fundamental Rights,FHC Lagos,South-West,431,8,6,AME,4,0,65,0,High
SN/2024/2216,Civil,Delta High Court,South-South,1136,19,15,AWC,7,0,40,0,High
SN/2026/2217,Criminal,Oyo High Court,South-West,1274,25,16,INP,6,1,232,1,High
SN/2025/2218,Civil,Enugu High Court,South-East,1186,28,21,INP,7,0,361,1,High
SN/2025/2219,Criminal,FHC Lagos,South-West,1287,24,18,AME,8,0,311,1,High
SN/2025/2220,Civil,Lagos High Court,South-West,1243,22,17,INP,6,0,258,1,High
SN/2025/2221,Constitutional/Fundamental Rights,Ogun High Court,South-West,480,10,4,SER,5,0,152,1,High
SN/2025/2222,Land/Property,Kwara High Court,North-Central,1033,19,17,INP,6,0,81,0,High
SN/2025/2223,Commercial,Oyo High Court,South-West,838,20,13,INP,4,0,197,1,High
SN/2026/2224,Criminal,FCT High Court,FCT,849,21,17,JNA,10,0,112,1,High
SN/2025/2225,Civil,Oyo High Court,South-West,284,4,3,INP,10,0,36,0,Moderate
SN/2026/2226,Constitutional/Fundamental Rights,Adamawa High Court,North-East,190,3,3,SER,3,0,31,0,High
SN/2026/2227,Criminal,Kano High Court,North-West,845,25,21,AWC,7,1,156,1,High
SN/2025/2228,Land/Property,Ogun High Court,South-West,889,15,12,SER,5,0,81,0,High
SN/2024/2229,Civil,Edo High Court,South-South,1484,30,24,JNA,3,0,412,1,High
SN/2024/2230,Land/Property,Lagos High Court,South-West,1313,35,32,ADR,2,0,315,1,High
SN/2026/2231,Civil,Ogun High Court,South-West,509,9,8,SER,6,0,115,1,High
SN/2024/2232,Land/Property,Kaduna High Court,North-Central,1058,28,25,AWC,4,0,208,1,High
SN/2026/2233,Civil,Oyo High Court,South-West,1034,18,13,AME,3,0,75,0,High
SN/2024/2234,Family/Probate,NICN Lagos,South-West,148,5,1,INP,7,0,28,0,Low
SN/2026/2235,Criminal,Anambra High Court,South-East,769,23,15,INP,8,0,33,0,High
SN/2024/2236,Civil,Edo High Court,South-South,1328,22,17,AWC,5,1,117,1,High
SN/2026/2237,Criminal,FHC Lagos,South-West,887,18,16,SER,5,0,175,1,High
SN/2025/2238,Constitutional/Fundamental Rights,Ogun High Court,South-West,245,5,2,OTH,7,0,6,0,High
SN/2025/2239,Criminal,Kwara High Court,North-Central,1019,25,21,AWC,4,0,221,1,High
SN/2026/2240,Criminal,Rivers High Court,South-South,310,6,5,CNR,4,0,32,0,High
SN/2026/2241,Criminal,Delta High Court,South-South,565,10,7,SER,3,1,178,1,High
SN/2024/2242,Criminal,FHC Kaduna,North-Central,1107,25,19,CNR,6,0,80,0,High
SN/2024/2243,Criminal,Edo High Court,South-South,200,6,4,ADR,4,0,8,0,High
SN/2026/2244,Family/Probate,Anambra High Court,South-East,289,9,5,JNA,4,0,21,0,High
SN/2026/2245,Family/Probate,NICN Lagos,South-West,673,14,3,AWC,5,0,58,0,High
SN/2025/2246,Family/Probate,Lagos High Court,South-West,175,3,2,SER,9,0,49,0,Moderate
SN/2024/2247,Criminal,Rivers High Court,South-South,923,25,18,INP,7,0,152,1,High
SN/2026/2248,Civil,FHC Enugu,South-East,638,18,17,ADR,3,0,118,1,High
SN/2026/2249,Criminal,Plateau High Court,North-Central,1171,25,13,AWC,6,0,76,0,High
SN/2025/2250,Civil,Oyo High Court,South-West,474,11,9,CNR,8,0,134,1,High
SN/2025/2251,Family/Probate,Kano High Court,North-West,349,8,4,STR,7,0,27,0,High
SN/2024/2252,Civil,Edo High Court,South-South,1133,28,23,INP,2,1,70,0,High
SN/2024/2253,Civil,Kano High Court,North-West,1156,26,19,AME,9,0,285,1,High
SN/2026/2254,Civil,Anambra High Court,South-East,1166,25,21,CNR,9,0,292,1,High
SN/2026/2255,Criminal,NICN Lagos,South-West,818,16,11,OTH,7,0,118,1,High
SN/2025/2256,Land/Property,NICN Abuja,FCT,1609,35,27,CNR,3,0,117,1,High
SN/2025/2257,Civil,FHC Lagos,South-West,417,9,8,INP,8,1,32,0,High
SN/2025/2258,Civil,Enugu High Court,South-East,1059,27,21,AWC,9,1,186,1,High
SN/2024/2259,Criminal,Oyo High Court,South-West,1219,25,21,ADR,6,0,284,1,High
SN/2026/2260,Criminal,Oyo High Court,South-West,1098,25,18,AWC,5,0,95,1,High
SN/2026/2261,Civil,Oyo High Court,South-West,560,19,12,INP,4,1,38,0,High
SN/2025/2262,Land/Property,FHC Enugu,South-East,1298,22,20,AWC,2,0,145,1,High
SN/2026/2263,Civil,Rivers High Court,South-South,914,17,15,JNA,3,0,125,1,High
SN/2024/2264,Civil,Rivers High Court,South-South,1194,30,23,SER,3,0,339,1,High
SN/2025/2265,Criminal,Rivers High Court,South-South,428,8,5,AWC,3,0,27,0,High
SN/2024/2266,Family/Probate,Oyo High Court,South-West,318,9,8,INP,5,0,33,0,High
SN/2025/2267,Family/Probate,FHC Enugu,South-East,242,4,1,INP,5,1,21,0,High
SN/2026/2268,Criminal,Enugu High Court,South-East,190,5,4,SER,5,1,43,0,High
SN/2025/2269,Admiralty,Oyo High Court,South-West,548,17,9,AWC,5,0,131,1,High
SN/2024/2270,Civil,Lagos High Court,South-West,1407,30,23,STR,7,1,454,1,High
SN/2026/2271,Land/Property,FHC Lagos,South-West,1880,35,27,STR,4,1,581,1,High
SN/2026/2272,Admiralty,Court of Appeal Abuja,FCT,110,4,2,CNR,4,0,22,0,Moderate
SN/2026/2273,Constitutional/Fundamental Rights,FHC Lagos,South-West,404,13,8,JNA,5,0,41,0,High
SN/2026/2274,Criminal,Ogun High Court,South-West,635,17,14,CNR,5,0,63,0,High
SN/2025/2275,Land/Property,Edo High Court,South-South,904,19,16,JNA,3,1,99,1,High
SN/2025/2276,Constitutional/Fundamental Rights,Anambra High Court,South-East,409,12,5,AWC,3,0,134,1,High
SN/2024/2277,Land/Property,Imo High Court,South-East,507,9,9,CNR,2,0,86,0,High
SN/2026/2278,Civil,Edo High Court,South-South,567,9,8,AWC,9,1,70,0,High
SN/2024/2279,Admiralty,Lagos High Court,South-West,497,8,6,ADR,7,0,30,0,High
SN/2026/2280,Criminal,FHC Lagos,South-West,169,4,2,CNR,7,0,55,0,Moderate
SN/2024/2281,Criminal,NICN Lagos,South-West,449,8,4,CNR,3,1,19,0,High
SN/2025/2282,Land/Property,FHC Port Harcourt,South-South,1773,35,28,JNA,2,1,238,1,High
SN/2026/2283,Civil,Delta High Court,South-South,303,7,2,JNA,3,0,76,0,Moderate
SN/2024/2284,Commercial,Anambra High Court,South-East,1159,22,14,SER,3,0,165,1,High
SN/2024/2285,Civil,Enugu High Court,South-East,596,11,7,CNR,5,0,78,0,High
SN/2026/2286,Civil,Enugu High Court,South-East,1371,30,23,INP,3,0,288,1,High
SN/2024/2287,Family/Probate,Rivers High Court,South-South,514,10,8,AWC,5,0,35,0,High
SN/2025/2288,Civil,Ogun High Court,South-West,886,23,22,INP,8,1,39,0,High
SN/2025/2289,Commercial,Kaduna High Court,North-Central,482,12,8,CNR,2,0,104,1,High
SN/2025/2290,Civil,NICN Abuja,FCT,1332,29,25,SER,4,0,322,1,High
SN/2025/2291,Criminal,Anambra High Court,South-East,575,16,12,AWC,8,0,71,0,High
SN/2024/2292,Land/Property,Delta High Court,South-South,183,3,1,AWC,6,0,43,0,Low
SN/2024/2293,Criminal,Oyo High Court,South-West,1264,25,19,CNR,3,0,152,1,High
SN/2025/2294,Civil,FHC Enugu,South-East,530,10,6,CNR,2,0,138,1,High
SN/2026/2295,Criminal,Lagos High Court,South-West,979,22,17,AWC,9,0,37,0,High
SN/2024/2296,Land/Property,FHC Port Harcourt,South-South,1455,27,26,AWC,8,0,94,1,High
SN/2026/2297,Civil,Enugu High Court,South-East,832,27,23,INP,3,1,150,1,High
SN/2026/2298,Commercial,Katsina High Court,North-West,439,8,7,AWC,4,0,136,1,High
SN/2025/2299,Criminal,Delta High Court,South-South,894,16,14,OTH,4,1,219,1,High
SN/2025/2300,Criminal,Lagos High Court,South-West,749,21,16,INP,3,0,248,1,High
SN/2026/2301,Admiralty,Anambra High Court,South-East,509,8,5,AME,4,0,165,1,High
SN/2026/2302,Commercial,Anambra High Court,South-East,776,19,13,AWC,9,0,81,0,High
SN/2024/2303,Criminal,Kaduna High Court,North-Central,322,8,5,AWC,9,1,75,0,High
SN/2024/2304,Constitutional/Fundamental Rights,Delta High Court,South-South,386,12,7,AWC,8,1,29,0,High
SN/2024/2305,Civil,Oyo High Court,South-West,705,14,13,CNR,6,0,103,1,High
SN/2024/2306,Criminal,Court of Appeal Abuja,FCT,545,14,11,AME,3,1,94,1,High
SN/2025/2307,Admiralty,FHC Enugu,South-East,348,9,5,AWC,7,1,72,0,High
SN/2024/2308,Criminal,Kano High Court,North-West,682,24,21,JNA,3,0,159,1,High
SN/2024/2309,Civil,Oyo High Court,South-West,1176,30,27,SER,6,0,267,1,High
SN/2026/2310,Civil,NICN Lagos,South-West,1106,29,20,INP,5,0,11,0,High
SN/2025/2311,Civil,FHC Lagos,South-West,1552,30,26,SER,4,0,246,1,High
SN/2024/2312,Land/Property,Lagos High Court,South-West,1175,23,22,INP,4,0,95,1,High
SN/2026/2313,Civil,FHC Lagos,South-West,563,11,6,CNR,6,1,38,0,High
SN/2026/2314,Criminal,Kwara High Court,North-Central,973,25,19,JNA,6,0,124,1,High
SN/2024/2315,Land/Property,FHC Lagos,South-West,308,5,3,SER,4,0,96,1,Moderate
SN/2026/2316,Commercial,Lagos High Court,South-West,1127,22,13,INP,6,0,127,1,High
SN/2025/2317,Criminal,FHC Kano,North-West,1071,23,21,STR,9,0,281,1,High
SN/2025/2318,Land/Property,FHC Port Harcourt,South-South,1901,35,25,AME,6,0,8,0,High
SN/2024/2319,Admiralty,Rivers High Court,South-South,391,15,11,AWC,3,0,116,1,High
SN/2026/2320,Civil,Oyo High Court,South-West,1110,30,22,SER,3,0,284,1,High
SN/2026/2321,Criminal,NICN Lagos,South-West,1043,19,16,AWC,3,1,65,0,High
SN/2025/2322,Commercial,NICN Lagos,South-West,444,11,11,SER,6,0,19,0,High
SN/2025/2323,Criminal,Enugu High Court,South-East,892,20,14,INP,2,0,163,1,High
SN/2025/2324,Civil,FHC Lagos,South-West,1486,27,21,INP,8,1,30,0,High
SN/2026/2325,Criminal,FHC Enugu,South-East,1053,25,17,INP,9,0,146,1,High
SN/2025/2326,Land/Property,NICN Lagos,South-West,1845,35,31,CNR,8,1,96,1,High
SN/2025/2327,Civil,FHC Lagos,South-West,1060,30,26,OTH,4,0,59,0,High
SN/2024/2328,Family/Probate,FHC Gombe,North-East,339,7,3,JNA,8,0,40,0,High
SN/2025/2329,Criminal,Kwara High Court,North-Central,644,24,18,CNR,3,0,72,0,High
SN/2026/2330,Criminal,NICN Lagos,South-West,1025,25,19,AWC,2,0,286,1,High
SN/2024/2331,Family/Probate,FHC Enugu,South-East,82,1,0,None,5,1,10,0,Low
SN/2024/2332,Family/Probate,Ogun High Court,South-West,535,12,6,AWC,4,0,174,1,High
SN/2024/2333,Civil,Ogun High Court,South-West,1040,23,20,INP,5,0,111,1,High
SN/2025/2334,Criminal,FHC Lagos,South-West,1029,22,17,CNR,4,0,145,1,High
SN/2026/2335,Criminal,FHC Port Harcourt,South-South,1108,25,19,AWC,4,0,324,1,High
SN/2026/2336,Civil,FHC Kaduna,North-Central,896,24,19,AWC,3,1,213,1,High
SN/2024/2337,Criminal,NICN Lagos,South-West,425,8,8,CNR,6,0,15,0,High
SN/2026/2338,Land/Property,Kano High Court,North-West,1173,35,31,INP,5,0,134,1,High
SN/2024/2339,Land/Property,Sokoto High Court,North-West,533,10,9,INP,4,0,49,0,High
SN/2026/2340,Criminal,FHC Lagos,South-West,1002,20,17,ADR,8,0,129,1,High
SN/2025/2341,Civil,Oyo High Court,South-West,1604,30,22,AME,5,1,420,1,High
SN/2026/2342,Civil,NICN Lagos,South-West,1001,30,24,AWC,4,0,95,1,High
SN/2026/2343,Criminal,FHC Port Harcourt,South-South,946,18,14,STR,7,1,16,0,High
SN/2024/2344,Land/Property,NICN Lagos,South-West,225,3,2,SER,2,0,63,0,Moderate
SN/2024/2345,Constitutional/Fundamental Rights,FHC Lagos,South-West,143,3,1,OTH,3,0,47,0,Moderate
SN/2025/2346,Land/Property,NICN Lagos,South-West,788,17,14,AWC,10,0,95,1,High
SN/2024/2347,Criminal,Katsina High Court,North-West,635,23,19,JNA,8,0,206,1,High
SN/2026/2348,Land/Property,Imo High Court,South-East,1223,26,21,STR,4,0,364,1,High
SN/2025/2349,Civil,Delta High Court,South-South,1434,30,23,AWC,4,0,205,1,High
SN/2024/2350,Civil,Anambra High Court,South-East,780,17,15,SER,7,0,18,0,High
SN/2024/2351,Civil,Kwara High Court,North-Central,1153,30,24,INP,4,1,31,0,High
SN/2026/2352,Land/Property,Sokoto High Court,North-West,1595,35,32,INP,5,0,496,1,High
SN/2024/2353,Civil,Delta High Court,South-South,950,22,20,JNA,5,0,24,0,High
SN/2024/2354,Election Petition,Anambra High Court,South-East,104,2,1,INP,3,0,24,0,High
SN/2024/2355,Family/Probate,Kaduna High Court,North-Central,388,7,3,OTH,4,0,90,0,High
SN/2026/2356,Criminal,Katsina High Court,North-West,946,25,20,INP,4,0,286,1,High
SN/2026/2357,Land/Property,Plateau High Court,North-Central,1125,19,16,SER,8,0,149,1,High
SN/2026/2358,Land/Property,FHC Kaduna,North-Central,285,9,9,AWC,6,0,51,0,High
SN/2025/2359,Civil,FHC Port Harcourt,South-South,997,30,26,AWC,2,0,186,1,High
SN/2026/2360,Civil,Ogun High Court,South-West,1313,30,28,INP,2,0,284,1,High
SN/2024/2361,Criminal,Edo High Court,South-South,1042,25,18,INP,4,0,197,1,High
SN/2026/2362,Land/Property,FHC Enugu,South-East,1787,35,30,AWC,2,0,467,1,High
SN/2026/2363,Family/Probate,FHC Kano,North-West,160,3,2,SER,3,0,49,0,Moderate
SN/2026/2364,Land/Property,Rivers High Court,South-South,1077,18,15,CNR,7,1,82,0,High
SN/2025/2365,Civil,Oyo High Court,South-West,1296,30,24,AWC,5,0,234,1,High
SN/2026/2366,Criminal,FHC Gombe,North-East,677,20,17,OTH,4,0,47,0,High
SN/2024/2367,Criminal,Oyo High Court,South-West,581,15,10,AME,3,0,139,1,High
SN/2025/2368,Criminal,FHC Port Harcourt,South-South,1090,21,16,AWC,5,0,39,0,High
SN/2024/2369,Civil,Ogun High Court,South-West,873,18,16,INP,3,0,202,1,High
SN/2025/2370,Criminal,FHC Lagos,South-West,1008,18,14,AWC,8,0,47,0,High
SN/2025/2371,Civil,FHC Port Harcourt,South-South,1127,23,17,JNA,9,0,180,1,High
SN/2026/2372,Criminal,Enugu High Court,South-East,425,14,8,CNR,6,1,11,0,High
SN/2026/2373,Commercial,Rivers High Court,South-South,1170,22,18,OTH,3,0,258,1,High
SN/2025/2374,Civil,Edo High Court,South-South,1355,30,23,CNR,4,0,344,1,High
SN/2024/2375,Civil,Lagos High Court,South-West,1215,30,24,JNA,2,0,114,1,High
SN/2024/2376,Criminal,Oyo High Court,South-West,645,13,10,AME,6,0,39,0,High
SN/2024/2377,Civil,FHC Lagos,South-West,1133,22,19,SER,10,0,328,1,High
SN/2024/2378,Criminal,FHC Lagos,South-West,173,5,4,CNR,2,0,14,0,High
SN/2025/2379,Constitutional/Fundamental Rights,Rivers High Court,South-South,418,12,7,ADR,4,0,116,1,High
SN/2024/2380,Family/Probate,Katsina High Court,North-West,214,4,2,JNA,7,0,47,0,Moderate
SN/2024/2381,Family/Probate,Delta High Court,South-South,359,10,3,SER,7,0,66,0,High
SN/2026/2382,Civil,Ogun High Court,South-West,648,12,11,INP,5,0,189,1,High
SN/2025/2383,Land/Property,Kwara High Court,North-Central,363,11,10,AME,5,0,39,0,High
SN/2025/2384,Criminal,Ogun High Court,South-West,518,10,5,AME,6,0,164,1,High
SN/2025/2385,Civil,Kano High Court,North-West,840,27,19,AME,2,0,94,1,High
SN/2025/2386,Admiralty,FHC Kaduna,North-Central,300,5,4,INP,5,0,37,0,High
SN/2024/2387,Criminal,Katsina High Court,North-West,526,12,6,INP,2,0,164,1,High
SN/2025/2388,Land/Property,Anambra High Court,South-East,633,18,16,OTH,2,0,103,1,High
SN/2024/2389,Commercial,Delta High Court,South-South,960,17,11,AWC,11,1,166,1,High
SN/2024/2390,Civil,FHC Enugu,South-East,408,8,6,STR,6,0,125,1,High
SN/2024/2391,Family/Probate,Lagos High Court,South-West,135,3,1,AWC,8,0,36,0,Low
SN/2025/2392,Family/Probate,FHC Abuja,FCT,320,7,4,OTH,6,0,35,0,High
SN/2024/2393,Land/Property,FHC Enugu,South-East,974,29,26,CNR,6,0,230,1,High
SN/2026/2394,Commercial,Delta High Court,South-South,1069,21,13,AWC,4,0,108,1,High
SN/2025/2395,Criminal,FHC Enugu,South-East,845,16,12,CNR,5,1,173,1,High
SN/2026/2396,Civil,Imo High Court,South-East,1128,30,23,STR,8,0,314,1,High
SN/2024/2397,Criminal,FHC Lagos,South-West,242,4,2,CNR,7,1,53,0,Moderate
SN/2024/2398,Commercial,Delta High Court,South-South,1114,22,15,CNR,4,1,83,0,High
SN/2024/2399,Election Petition,FHC Lagos,South-West,266,10,6,AWC,5,0,42,0,High
SN/2025/2400,Criminal,FHC Lagos,South-West,748,19,15,AWC,8,0,106,1,High
SN/2024/2401,Civil,Oyo High Court,South-West,1332,30,25,CNR,2,0,322,1,High
SN/2025/2402,Criminal,NICN Lagos,South-West,1039,21,16,INP,4,0,110,1,High
SN/2024/2403,Civil,Kwara High Court,North-Central,921,28,20,INP,3,0,109,1,High
SN/2024/2404,Land/Property,Oyo High Court,South-West,851,23,19,CNR,7,0,44,0,High
SN/2026/2405,Civil,FHC Kaduna,North-Central,1405,30,24,INP,5,0,84,0,High
SN/2024/2406,Commercial,FHC Port Harcourt,South-South,472,15,11,INP,2,0,28,0,High
SN/2024/2407,Civil,Adamawa High Court,North-East,769,18,15,INP,5,0,34,0,High
SN/2025/2408,Civil,Lagos High Court,South-West,1349,30,24,INP,3,0,216,1,High
SN/2026/2409,Criminal,Borno High Court,North-East,378,6,6,INP,5,1,53,0,High
SN/2025/2410,Commercial,FHC Port Harcourt,South-South,639,10,8,STR,3,0,61,0,High
SN/2024/2411,Civil,Enugu High Court,South-East,605,10,8,ADR,4,0,26,0,High
SN/2024/2412,Criminal,NICN Lagos,South-West,1116,25,20,SER,10,0,6,0,High
SN/2026/2413,Criminal,Ogun High Court,South-West,631,14,12,INP,4,1,203,1,High
SN/2025/2414,Land/Property,Ogun High Court,South-West,1097,21,19,INP,5,0,232,1,High
SN/2025/2415,Civil,Court of Appeal Abuja,FCT,254,4,3,OTH,9,0,49,0,Moderate
SN/2026/2416,Civil,Kano High Court,North-West,711,24,18,JNA,3,0,94,1,High
SN/2025/2417,Family/Probate,Kwara High Court,North-Central,292,5,2,INP,5,1,60,0,High
SN/2024/2418,Civil,Kano High Court,North-West,766,23,21,JNA,7,1,122,1,High
SN/2026/2419,Civil,Imo High Court,South-East,992,25,20,STR,4,0,209,1,High
SN/2025/2420,Criminal,Anambra High Court,South-East,805,23,16,AWC,8,0,263,1,High
SN/2024/2421,Criminal,NICN Lagos,South-West,830,25,21,AME,6,1,269,1,High
SN/2025/2422,Civil,Oyo High Court,South-West,817,17,12,AWC,5,1,123,1,High
SN/2024/2423,Civil,FHC Lagos,South-West,1402,30,26,STR,8,0,442,1,High
SN/2026/2424,Civil,Rivers High Court,South-South,377,10,9,OTH,5,0,125,1,High
SN/2026/2425,Land/Property,FHC Kaduna,North-Central,1016,17,15,ADR,9,0,246,1,High
SN/2024/2426,Civil,Imo High Court,South-East,397,9,6,AWC,5,0,75,0,High
SN/2024/2427,Election Petition,FHC Lagos,South-West,253,5,2,JNA,6,0,24,0,High
SN/2026/2428,Criminal,Imo High Court,South-East,271,6,3,STR,8,0,76,0,Moderate
SN/2025/2429,Criminal,FHC Abuja,FCT,573,9,7,AME,2,0,119,1,High
SN/2026/2430,Constitutional/Fundamental Rights,Imo High Court,South-East,424,7,3,SER,2,0,120,1,High
SN/2025/2431,Criminal,Rivers High Court,South-South,260,7,6,AWC,2,1,33,0,High
SN/2024/2432,Civil,Anambra High Court,South-East,1089,20,13,AWC,7,0,81,0,High
SN/2024/2433,Land/Property,FHC Port Harcourt,South-South,1498,35,28,JNA,6,0,188,1,High
SN/2026/2434,Civil,FHC Lagos,South-West,1058,30,25,INP,4,1,147,1,High
SN/2026/2435,Constitutional/Fundamental Rights,FHC Port Harcourt,South-South,288,7,6,OTH,5,1,36,0,High
SN/2025/2436,Criminal,NICN Abuja,FCT,801,15,11,STR,4,0,248,1,High
SN/2025/2437,Criminal,FHC Lagos,South-West,1356,25,19,AWC,2,1,345,1,High
SN/2025/2438,Land/Property,FHC Kano,North-West,1109,30,26,AWC,3,0,69,0,High
SN/2026/2439,Land/Property,Lagos High Court,South-West,1783,35,30,SER,6,0,298,1,High
SN/2024/2440,Land/Property,Rivers High Court,South-South,1127,34,29,INP,5,1,156,1,High
SN/2024/2441,Civil,Delta High Court,South-South,492,10,9,JNA,4,0,47,0,High
SN/2026/2442,Election Petition,Ogun High Court,South-West,51,1,0,None,10,0,1,0,Low
SN/2024/2443,Criminal,Imo High Court,South-East,1035,22,18,AWC,4,0,205,1,High
SN/2025/2444,Civil,Ogun High Court,South-West,1692,30,22,AWC,10,0,423,1,High
SN/2024/2445,Commercial,Imo High Court,South-East,347,9,5,JNA,4,0,41,0,High
SN/2026/2446,Land/Property,Lagos High Court,South-West,1369,35,32,AWC,5,0,47,0,High
SN/2024/2447,Criminal,Plateau High Court,North-Central,376,9,6,CNR,6,0,55,0,High
SN/2025/2448,Criminal,FHC Enugu,South-East,649,11,9,JNA,5,1,128,1,High
SN/2026/2449,Land/Property,NICN Lagos,South-West,342,8,6,SER,4,0,76,0,High
SN/2025/2450,Criminal,Rivers High Court,South-South,506,10,7,JNA,7,0,17,0,High
SN/2025/2451,Family/Probate,NICN Lagos,South-West,261,8,3,CNR,5,0,11,0,High
SN/2026/2452,Criminal,Enugu High Court,South-East,903,21,14,INP,4,1,298,1,High
SN/2025/2453,Family/Probate,Lagos High Court,South-West,114,2,1,JNA,4,1,19,0,Low
SN/2025/2454,Civil,FHC Enugu,South-East,1365,30,19,SER,6,1,137,1,High
SN/2026/2455,Land/Property,Oyo High Court,South-West,1396,25,21,ADR,5,0,336,1,High
SN/2026/2456,Civil,FHC Port Harcourt,South-South,565,16,14,AWC,2,1,32,0,High
SN/2026/2457,Criminal,Sokoto High Court,North-West,893,18,15,INP,5,0,214,1,High
SN/2025/2458,Family/Probate,Imo High Court,South-East,491,13,11,AWC,3,1,120,1,High
SN/2025/2459,Civil,Edo High Court,South-South,1390,30,26,CNR,10,1,400,1,High
SN/2025/2460,Civil,Lagos High Court,South-West,1563,28,22,AWC,4,0,230,1,High
SN/2024/2461,Criminal,FHC Port Harcourt,South-South,577,11,9,INP,8,0,65,0,High
SN/2026/2462,Civil,NICN Lagos,South-West,1476,30,27,SER,6,1,463,1,High
SN/2026/2463,Family/Probate,Ogun High Court,South-West,104,1,1,AWC,2,1,18,0,Low
SN/2024/2464,Criminal,Enugu High Court,South-East,584,9,6,INP,3,0,28,0,High
SN/2025/2465,Criminal,Oyo High Court,South-West,982,17,10,SER,3,0,220,1,High
SN/2025/2466,Criminal,Lagos High Court,South-West,1058,25,22,INP,3,1,149,1,High
SN/2024/2467,Civil,Edo High Court,South-South,1519,30,21,AWC,5,0,314,1,High
SN/2024/2468,Criminal,Katsina High Court,North-West,849,18,15,CNR,7,1,249,1,High
SN/2026/2469,Civil,Imo High Court,South-East,1321,28,23,AME,3,0,326,1,High
SN/2024/2470,Criminal,FHC Lagos,South-West,759,19,14,SER,5,0,135,1,High
SN/2024/2471,Criminal,Edo High Court,South-South,1077,25,20,INP,7,1,227,1,High
SN/2024/2472,Family/Probate,NICN Lagos,South-West,467,10,5,OTH,6,0,154,1,High
SN/2024/2473,Criminal,NICN Lagos,South-West,549,10,5,AME,4,0,109,1,High
SN/2025/2474,Criminal,Lagos High Court,South-West,674,18,12,AWC,5,0,49,0,High
SN/2024/2475,Land/Property,Adamawa High Court,North-East,527,8,7,CNR,3,0,147,1,High
SN/2024/2476,Civil,Sokoto High Court,North-West,350,12,10,INP,3,0,94,1,High
SN/2026/2477,Criminal,FHC Lagos,South-West,1163,25,21,OTH,5,1,377,1,High
SN/2024/2478,Family/Probate,NICN Lagos,South-West,617,16,11,SER,8,1,127,1,High
SN/2025/2479,Criminal,Edo High Court,South-South,1180,25,19,JNA,8,1,357,1,High
SN/2025/2480,Criminal,Delta High Court,South-South,1023,23,19,CNR,2,0,112,1,High
SN/2025/2481,Civil,FHC Lagos,South-West,1422,30,25,AWC,7,0,304,1,High
SN/2024/2482,Constitutional/Fundamental Rights,Oyo High Court,South-West,329,7,3,AWC,7,0,107,1,High
SN/2026/2483,Civil,Lagos High Court,South-West,663,14,11,AWC,11,1,12,0,High
SN/2024/2484,Commercial,NICN Lagos,South-West,799,22,12,AWC,5,0,171,1,High
SN/2024/2485,Land/Property,Imo High Court,South-East,1433,31,26,INP,5,0,349,1,High
SN/2026/2486,Land/Property,FHC Lagos,South-West,676,19,13,INP,4,0,148,1,High
SN/2026/2487,Family/Probate,Oyo High Court,South-West,477,10,7,INP,7,0,106,1,High
SN/2025/2488,Civil,Anambra High Court,South-East,904,20,15,CNR,6,0,28,0,High
SN/2026/2489,Commercial,FHC Lagos,South-West,642,16,11,JNA,5,0,66,0,High
SN/2026/2490,Civil,Oyo High Court,South-West,778,19,13,OTH,5,0,207,1,High
SN/2024/2491,Criminal,FHC Kaduna,North-Central,843,23,20,CNR,4,0,118,1,High
SN/2026/2492,Election Petition,Edo High Court,South-South,82,1,0,None,3,0,12,0,Moderate
SN/2024/2493,Civil,FHC Port Harcourt,South-South,1030,23,18,AWC,5,0,193,1,High
SN/2026/2494,Criminal,FHC Abuja,FCT,771,15,11,CNR,3,0,142,1,High
SN/2025/2495,Civil,FHC Port Harcourt,South-South,1014,24,17,AWC,4,1,42,0,High
SN/2025/2496,Commercial,Ogun High Court,South-West,1190,22,19,AWC,7,1,28,0,High
SN/2026/2497,Criminal,FHC Enugu,South-East,1121,25,23,INP,3,0,104,1,High
SN/2024/2498,Criminal,Ogun High Court,South-West,1126,25,21,AME,2,0,343,1,High
SN/2024/2499,Civil,Borno High Court,North-East,1059,28,25,INP,3,0,185,1,High
SN/2024/2500,Land/Property,Oyo High Court,South-West,1264,33,29,INP,4,0,41,0,High
SN/2024/2501,Civil,FHC Enugu,South-East,633,17,14,CNR,8,0,135,1,High
SN/2025/2502,Civil,NICN Lagos,South-West,835,13,9,AWC,10,0,111,1,High
SN/2024/2503,Civil,Delta High Court,South-South,745,19,14,AWC,4,0,209,1,High
SN/2024/2504,Family/Probate,FCT High Court,FCT,101,3,2,INP,3,0,21,0,Moderate
SN/2025/2505,Criminal,FHC Lagos,South-West,612,17,12,CNR,4,0,26,0,High
SN/2025/2506,Family/Probate,FHC Kaduna,North-Central,269,9,5,INP,5,0,35,0,High
SN/2025/2507,Land/Property,NICN Lagos,South-West,1157,35,26,AWC,8,0,120,1,High
SN/2026/2508,Criminal,FHC Kano,North-West,838,22,17,AWC,3,0,228,1,High
SN/2026/2509,Admiralty,Edo High Court,South-South,499,8,6,ADR,9,0,74,0,High
SN/2025/2510,Family/Probate,FHC Lagos,South-West,306,9,3,AWC,7,0,1,0,High
SN/2026/2511,Criminal,Rivers High Court,South-South,1110,25,21,SER,9,0,192,1,High
SN/2025/2512,Land/Property,FHC Kaduna,North-Central,1708,35,31,AWC,8,0,433,1,High
SN/2024/2513,Family/Probate,Ogun High Court,South-West,679,14,11,SER,4,1,89,0,High
SN/2026/2514,Land/Property,Katsina High Court,North-West,1063,26,21,CNR,6,0,309,1,High
SN/2024/2515,Commercial,NICN Lagos,South-West,445,17,12,INP,6,1,18,0,High
SN/2025/2516,Civil,Ogun High Court,South-West,951,30,22,ADR,5,0,179,1,High
SN/2025/2517,Family/Probate,Enugu High Court,South-East,426,16,7,AWC,5,1,128,1,High
SN/2025/2518,Criminal,Edo High Court,South-South,776,13,12,INP,5,0,207,1,High
SN/2025/2519,Land/Property,FCT High Court,FCT,882,34,31,CNR,8,1,11,0,High
SN/2026/2520,Commercial,FHC Lagos,South-West,1525,22,16,AME,7,0,119,1,High
SN/2025/2521,Civil,Enugu High Court,South-East,775,19,16,AWC,2,1,189,1,High
SN/2024/2522,Criminal,FHC Port Harcourt,South-South,1182,25,18,INP,2,0,360,1,High
SN/2024/2523,Civil,Imo High Court,South-East,1377,23,19,JNA,6,0,5,0,High
SN/2026/2524,Civil,FHC Lagos,South-West,406,12,10,INP,8,0,54,0,High
SN/2026/2525,Land/Property,FHC Lagos,South-West,1588,35,32,AWC,8,1,378,1,High
SN/2026/2526,Land/Property,Lagos High Court,South-West,1695,35,28,JNA,3,0,403,1,High
SN/2024/2527,Civil,NICN Lagos,South-West,1387,29,22,OTH,7,1,320,1,High
SN/2026/2528,Election Petition,Ogun High Court,South-West,277,8,3,CNR,6,0,57,0,High
SN/2025/2529,Family/Probate,Lagos High Court,South-West,402,7,3,STR,6,0,52,0,High
SN/2025/2530,Criminal,Ogun High Court,South-West,1061,25,17,CNR,8,0,43,0,High
SN/2024/2531,Constitutional/Fundamental Rights,Rivers High Court,South-South,376,6,4,ADR,5,0,51,0,High
SN/2026/2532,Civil,Enugu High Court,South-East,703,12,9,OTH,9,0,190,1,High
SN/2026/2533,Commercial,Oyo High Court,South-West,772,22,16,CNR,3,0,223,1,High
SN/2025/2534,Commercial,Katsina High Court,North-West,948,22,9,CNR,3,0,149,1,High
SN/2025/2535,Criminal,Rivers High Court,South-South,827,24,15,INP,3,0,169,1,High
SN/2024/2536,Commercial,Enugu High Court,South-East,649,11,9,SER,3,0,38,0,High
SN/2024/2537,Family/Probate,Edo High Court,South-South,603,16,10,INP,6,1,44,0,High
SN/2026/2538,Criminal,FHC Kano,North-West,797,17,12,AWC,2,1,32,0,High
SN/2025/2539,Land/Property,Katsina High Court,North-West,1496,35,26,JNA,9,0,117,1,High
SN/2024/2540,Civil,FHC Enugu,South-East,690,14,13,SER,3,0,11,0,High
SN/2025/2541,Criminal,FHC Lagos,South-West,1189,25,17,JNA,3,1,144,1,High
SN/2024/2542,Criminal,NICN Lagos,South-West,491,10,10,JNA,2,0,109,1,High
SN/2024/2543,Criminal,Lagos High Court,South-West,655,16,15,INP,7,0,176,1,High
SN/2026/2544,Criminal,Anambra High Court,South-East,767,14,7,OTH,6,0,249,1,High
SN/2026/2545,Land/Property,Oyo High Court,South-West,1366,35,30,AWC,3,0,33,0,High
SN/2024/2546,Constitutional/Fundamental Rights,FHC Lagos,South-West,416,7,4,INP,5,0,101,1,High
SN/2026/2547,Land/Property,Ogun High Court,South-West,2000,35,28,SER,2,0,317,1,High
SN/2024/2548,Election Petition,FHC Enugu,South-East,59,1,0,None,4,0,14,0,Moderate
SN/2026/2549,Family/Probate,FHC Enugu,South-East,362,7,2,AME,9,0,92,1,High
SN/2024/2550,Criminal,Oyo High Court,South-West,738,17,11,INP,4,0,222,1,High
SN/2025/2551,Criminal,Ogun High Court,South-West,902,23,18,AWC,5,0,65,0,High
SN/2025/2552,Criminal,Lagos High Court,South-West,845,25,20,AWC,8,0,63,0,High
SN/2024/2553,Criminal,Enugu High Court,South-East,850,14,9,SER,4,0,102,1,High
SN/2024/2554,Family/Probate,NICN Lagos,South-West,314,7,4,AWC,3,0,35,0,High
SN/2024/2555,Land/Property,FHC Lagos,South-West,693,23,20,INP,5,1,23,0,High
SN/2026/2556,Criminal,FHC Lagos,South-West,1169,25,19,JNA,10,0,35,0,High
SN/2025/2557,Civil,Imo High Court,South-East,1087,30,23,AME,7,1,91,1,High
SN/2026/2558,Land/Property,Delta High Court,South-South,1325,29,24,AME,4,0,407,1,High
SN/2024/2559,Civil,Lagos High Court,South-West,118,4,4,CNR,5,0,8,0,High
SN/2024/2560,Criminal,NICN Lagos,South-West,532,18,16,JNA,8,1,42,0,High
SN/2025/2561,Admiralty,Ogun High Court,South-West,409,15,9,INP,6,0,76,0,High
SN/2024/2562,Land/Property,NICN Lagos,South-West,1289,35,29,AME,3,1,339,1,High
SN/2025/2563,Criminal,Delta High Court,South-South,374,12,7,AWC,6,0,94,1,High
SN/2026/2564,Land/Property,Kano High Court,North-West,991,18,17,AWC,9,1,42,0,High
SN/2024/2565,Family/Probate,Lagos High Court,South-West,424,15,11,JNA,3,0,15,0,High
SN/2024/2566,Land/Property,NICN Lagos,South-West,861,21,17,JNA,9,0,192,1,High
SN/2024/2567,Civil,Rivers High Court,South-South,1413,30,26,AWC,5,0,75,0,High
SN/2026/2568,Criminal,Kaduna High Court,North-Central,541,13,12,AWC,3,1,134,1,High
SN/2026/2569,Constitutional/Fundamental Rights,Borno High Court,North-East,232,4,2,CNR,6,0,11,0,High
SN/2025/2570,Civil,FHC Abuja,FCT,1760,29,25,JNA,7,1,475,1,High
SN/2025/2571,Land/Property,Rivers High Court,South-South,1297,35,28,AWC,4,1,252,1,High
SN/2024/2572,Land/Property,Court of Appeal Abuja,FCT,869,30,29,AWC,3,0,21,0,High
SN/2024/2573,Civil,Imo High Court,South-East,630,11,8,CNR,8,0,39,0,High
SN/2024/2574,Criminal,Lagos High Court,South-West,1091,19,15,STR,6,0,234,1,High
SN/2024/2575,Commercial,Ogun High Court,South-West,757,22,16,SER,7,0,87,0,High
SN/2024/2576,Civil,Imo High Court,South-East,1545,29,23,AWC,4,0,61,0,High
SN/2024/2577,Civil,Lagos High Court,South-West,528,9,6,OTH,7,0,126,1,High
SN/2026/2578,Civil,Edo High Court,South-South,1432,30,25,JNA,3,1,13,0,High
SN/2024/2579,Criminal,FHC Port Harcourt,South-South,854,17,10,INP,3,0,87,0,High
SN/2025/2580,Family/Probate,FHC Port Harcourt,South-South,432,11,9,AWC,9,0,75,0,High
SN/2024/2581,Land/Property,Delta High Court,South-South,1635,35,32,ADR,8,0,18,0,High
SN/2026/2582,Criminal,Lagos High Court,South-West,719,18,12,AWC,2,1,234,1,High
SN/2025/2583,Criminal,Plateau High Court,North-Central,278,5,3,SER,6,0,79,0,Moderate
SN/2026/2584,Land/Property,Rivers High Court,South-South,954,20,14,AWC,5,0,73,0,High
SN/2025/2585,Election Petition,Edo High Court,South-South,241,5,1,CNR,6,0,8,0,High
SN/2026/2586,Admiralty,Borno High Court,North-East,136,2,1,ADR,2,1,43,0,Low
SN/2026/2587,Election Petition,Oyo High Court,South-West,106,2,1,INP,2,0,31,0,High
SN/2024/2588,Criminal,NICN Lagos,South-West,1170,22,18,SER,3,0,237,1,High
SN/2024/2589,Criminal,Lagos High Court,South-West,951,25,18,INP,9,0,274,1,High
SN/2024/2590,Civil,Enugu High Court,South-East,787,20,16,OTH,5,1,184,1,High
SN/2026/2591,Admiralty,Edo High Court,South-South,270,6,1,ADR,4,0,79,0,High
SN/2026/2592,Criminal,FHC Lagos,South-West,933,16,10,AWC,3,0,249,1,High
SN/2025/2593,Criminal,NICN Lagos,South-West,1081,22,14,INP,2,0,287,1,High
SN/2025/2594,Criminal,FHC Abuja,FCT,962,25,21,AWC,5,0,234,1,High
SN/2025/2595,Civil,FHC Enugu,South-East,1340,30,22,AWC,8,1,29,0,High
SN/2026/2596,Civil,Rivers High Court,South-South,550,10,9,AME,4,0,78,0,High
SN/2026/2597,Commercial,Oyo High Court,South-West,1034,21,16,ADR,3,0,5,0,High
SN/2026/2598,Civil,FHC Gombe,North-East,912,15,12,INP,7,0,67,0,High
SN/2025/2599,Land/Property,Plateau High Court,North-Central,832,24,20,AWC,4,0,247,1,High
SN/2025/2600,Civil,Oyo High Court,South-West,875,18,15,AME,3,1,187,1,High
SN/2024/2601,Land/Property,Court of Appeal Abuja,FCT,592,15,14,SER,8,0,116,1,High
SN/2026/2602,Criminal,NICN Lagos,South-West,1028,25,23,CNR,4,0,221,1,High
SN/2024/2603,Land/Property,Delta High Court,South-South,1129,35,29,AWC,11,0,330,1,High
SN/2026/2604,Criminal,NICN Lagos,South-West,549,12,7,INP,6,0,61,0,High
SN/2026/2605,Civil,Anambra High Court,South-East,551,13,13,ADR,2,1,35,0,High
SN/2024/2606,Land/Property,Imo High Court,South-East,1153,26,18,OTH,5,0,88,0,High
SN/2025/2607,Criminal,FHC Kaduna,North-Central,363,13,10,AWC,2,1,23,0,High
SN/2024/2608,Criminal,FHC Lagos,South-West,1034,25,17,JNA,5,0,122,1,High
SN/2025/2609,Commercial,FHC Kano,North-West,542,16,9,INP,6,0,179,1,High
SN/2025/2610,Land/Property,FHC Kano,North-West,574,10,8,INP,5,0,169,1,High
SN/2026/2611,Criminal,NICN Abuja,FCT,559,15,13,SER,4,0,96,1,High
SN/2026/2612,Land/Property,Court of Appeal Abuja,FCT,563,11,11,CNR,9,1,187,1,High
SN/2026/2613,Civil,NICN Lagos,South-West,1051,19,16,AWC,4,0,153,1,High
SN/2024/2614,Family/Probate,Oyo High Court,South-West,312,5,2,AWC,4,0,54,0,High
SN/2024/2615,Civil,NICN Lagos,South-West,1461,30,22,OTH,3,0,471,1,High
SN/2025/2616,Criminal,NICN Lagos,South-West,604,13,11,AWC,5,1,129,1,High
SN/2026/2617,Criminal,FHC Lagos,South-West,971,19,15,AME,11,1,261,1,High
SN/2024/2618,Criminal,Kano High Court,North-West,575,19,18,JNA,5,1,97,1,High
SN/2026/2619,Land/Property,FHC Enugu,South-East,1616,28,20,OTH,3,0,518,1,High
SN/2024/2620,Civil,Oyo High Court,South-West,1331,26,22,AWC,4,1,219,1,High
SN/2024/2621,Family/Probate,Edo High Court,South-South,464,12,7,AWC,3,0,49,0,High
SN/2024/2622,Constitutional/Fundamental Rights,Ogun High Court,South-West,56,1,1,ADR,9,0,9,0,Low
SN/2026/2623,Criminal,Imo High Court,South-East,905,25,21,AWC,7,1,248,1,High
SN/2024/2624,Civil,Ogun High Court,South-West,1594,30,24,CNR,6,0,14,0,High
SN/2026/2625,Criminal,Imo High Court,South-East,308,7,6,AWC,5,0,12,0,High
SN/2026/2626,Criminal,FHC Lagos,South-West,580,9,6,JNA,4,0,90,0,High
SN/2024/2627,Civil,Rivers High Court,South-South,1130,30,26,AWC,4,1,113,1,High
SN/2024/2628,Criminal,Oyo High Court,South-West,1205,20,13,CNR,7,1,216,1,High
SN/2026/2629,Land/Property,FHC Port Harcourt,South-South,1458,24,20,SER,3,0,26,0,High
SN/2026/2630,Criminal,NICN Lagos,South-West,1171,25,17,JNA,8,0,220,1,High
SN/2026/2631,Criminal,Rivers High Court,South-South,468,10,8,OTH,8,0,65,0,High
SN/2026/2632,Civil,Enugu High Court,South-East,810,25,20,SER,10,0,86,0,High
SN/2025/2633,Civil,Delta High Court,South-South,1224,30,24,INP,9,0,34,0,High
SN/2024/2634,Criminal,Lagos High Court,South-West,935,25,21,JNA,3,0,141,1,High
SN/2025/2635,Constitutional/Fundamental Rights,Delta High Court,South-South,165,6,3,OTH,5,0,31,0,High
SN/2026/2636,Civil,Delta High Court,South-South,1605,30,23,AME,3,0,339,1,High
SN/2025/2637,Criminal,Lagos High Court,South-West,885,25,17,AWC,5,0,115,1,High
SN/2026/2638,Civil,Oyo High Court,South-West,1188,26,18,CNR,11,0,128,1,High
SN/2026/2639,Criminal,Edo High Court,South-South,529,16,13,JNA,5,0,159,1,High
SN/2026/2640,Criminal,NICN Abuja,FCT,938,25,18,AWC,3,0,196,1,High
SN/2024/2641,Commercial,NICN Lagos,South-West,837,15,9,JNA,2,0,3,0,High
SN/2024/2642,Civil,Rivers High Court,South-South,1503,28,21,SER,2,1,365,1,High
SN/2024/2643,Criminal,Lagos High Court,South-West,456,12,9,AME,3,0,13,0,High
SN/2025/2644,Family/Probate,Delta High Court,South-South,304,5,3,CNR,5,0,24,0,High
SN/2026/2645,Civil,FHC Port Harcourt,South-South,1547,30,26,JNA,5,1,345,1,High
SN/2025/2646,Criminal,Imo High Court,South-East,134,5,5,JNA,4,0,20,0,High
SN/2024/2647,Civil,Enugu High Court,South-East,1458,30,25,INP,2,0,390,1,High
SN/2025/2648,Commercial,Ogun High Court,South-West,565,9,7,INP,8,1,172,1,High
SN/2026/2649,Family/Probate,FHC Lagos,South-West,305,5,4,INP,4,1,53,0,High
SN/2026/2650,Family/Probate,Kano High Court,North-West,311,5,3,SER,4,1,5,0,High
SN/2026/2651,Criminal,Oyo High Court,South-West,946,18,13,AWC,9,0,67,0,High
SN/2026/2652,Civil,FHC Lagos,South-West,1174,25,20,JNA,9,1,260,1,High
SN/2024/2653,Criminal,FHC Kaduna,North-Central,805,22,18,AWC,6,0,160,1,High
SN/2025/2654,Land/Property,Oyo High Court,South-West,2000,35,30,AWC,3,0,357,1,High
SN/2025/2655,Criminal,Lagos High Court,South-West,1328,24,17,JNA,3,0,10,0,High
SN/2026/2656,Commercial,NICN Lagos,South-West,444,8,4,CNR,8,1,66,0,High
SN/2026/2657,Criminal,FHC Lagos,South-West,1408,25,18,CNR,4,0,276,1,High
SN/2024/2658,Civil,FHC Lagos,South-West,287,6,5,OTH,3,0,45,0,High
SN/2026/2659,Land/Property,Imo High Court,South-East,1305,26,20,SER,7,0,326,1,High
SN/2026/2660,Commercial,FHC Kaduna,North-Central,865,22,19,INP,6,0,270,1,High
SN/2024/2661,Criminal,FHC Enugu,South-East,653,13,11,AWC,9,0,149,1,High
SN/2026/2662,Civil,Adamawa High Court,North-East,1219,21,18,AME,6,0,356,1,High
SN/2024/2663,Commercial,Imo High Court,South-East,1091,19,17,ADR,9,0,168,1,High
SN/2026/2664,Commercial,Ogun High Court,South-West,692,21,12,ADR,5,0,155,1,High
SN/2026/2665,Civil,Edo High Court,South-South,1240,30,26,SER,5,0,78,0,High
SN/2026/2666,Land/Property,Lagos High Court,South-West,1526,34,30,INP,6,0,210,1,High
SN/2024/2667,Criminal,NICN Lagos,South-West,526,18,13,OTH,5,0,132,1,High
SN/2025/2668,Family/Probate,NICN Lagos,South-West,176,3,1,INP,8,0,23,0,Moderate
SN/2026/2669,Commercial,FHC Port Harcourt,South-South,973,17,10,OTH,3,0,94,1,High
SN/2026/2670,Civil,Anambra High Court,South-East,1138,30,23,JNA,6,1,332,1,High
SN/2024/2671,Criminal,Imo High Court,South-East,1140,25,18,CNR,4,0,178,1,High
SN/2026/2672,Commercial,Enugu High Court,South-East,755,22,15,CNR,6,0,98,1,High
SN/2024/2673,Land/Property,Delta High Court,South-South,1163,35,30,AWC,8,0,150,1,High
SN/2025/2674,Criminal,Rivers High Court,South-South,327,6,4,SER,3,0,104,1,High
SN/2025/2675,Criminal,Oyo High Court,South-West,933,25,23,OTH,4,1,253,1,High
SN/2024/2676,Civil,FHC Kano,North-West,798,19,15,INP,4,0,232,1,High
SN/2025/2677,Criminal,Ogun High Court,South-West,660,17,13,ADR,8,1,179,1,High
SN/2024/2678,Criminal,Enugu High Court,South-East,547,10,7,ADR,7,0,40,0,High
SN/2024/2679,Criminal,NICN Lagos,South-West,720,12,10,INP,7,0,196,1,High
SN/2024/2680,Land/Property,Ogun High Court,South-West,876,15,14,AWC,5,0,193,1,High
SN/2026/2681,Criminal,FHC Port Harcourt,South-South,701,17,13,SER,3,0,204,1,High
SN/2024/2682,Election Petition,NICN Abuja,FCT,149,3,1,CNR,9,0,3,0,High
SN/2025/2683,Civil,FHC Lagos,South-West,1276,30,23,CNR,7,0,139,1,High
SN/2024/2684,Admiralty,Imo High Court,South-East,163,3,0,None,10,0,25,0,Moderate
SN/2024/2685,Criminal,FHC Port Harcourt,South-South,387,12,10,JNA,9,0,42,0,High
SN/2024/2686,Civil,FHC Gombe,North-East,834,19,14,ADR,2,0,245,1,High
SN/2026/2687,Civil,FHC Port Harcourt,South-South,1611,28,22,CNR,6,0,82,0,High
SN/2024/2688,Family/Probate,NICN Lagos,South-West,401,7,5,AWC,5,0,43,0,High
SN/2024/2689,Criminal,Lagos High Court,South-West,820,16,13,SER,3,1,229,1,High
SN/2025/2690,Family/Probate,Ogun High Court,South-West,432,14,7,AME,3,1,15,0,High
SN/2026/2691,Civil,Enugu High Court,South-East,1209,20,17,ADR,10,0,364,1,High
SN/2026/2692,Civil,FHC Port Harcourt,South-South,906,16,14,AWC,5,1,299,1,High
SN/2026/2693,Civil,Ogun High Court,South-West,788,16,14,JNA,4,0,226,1,High
SN/2025/2694,Civil,Anambra High Court,South-East,1361,30,22,STR,4,0,401,1,High
SN/2025/2695,Criminal,FHC Lagos,South-West,1136,22,16,AME,8,0,250,1,High
SN/2025/2696,Land/Property,Delta High Court,South-South,1719,35,28,ADR,11,0,101,1,High
SN/2025/2697,Criminal,Ogun High Court,South-West,1142,22,13,CNR,4,0,235,1,High
SN/2025/2698,Land/Property,Anambra High Court,South-East,1196,21,20,AME,3,0,301,1,High
SN/2026/2699,Land/Property,Borno High Court,North-East,938,21,15,AWC,3,0,48,0,High
SN/2024/2700,Criminal,Sokoto High Court,North-West,874,15,11,JNA,9,1,260,1,High
SN/2026/2701,Criminal,FHC Lagos,South-West,762,14,11,JNA,2,1,49,0,High
SN/2026/2702,Criminal,FHC Port Harcourt,South-South,1074,24,18,INP,2,0,278,1,High
SN/2026/2703,Commercial,Lagos High Court,South-West,709,17,14,JNA,2,1,171,1,High
SN/2024/2704,Civil,NICN Lagos,South-West,301,6,2,CNR,7,0,75,0,Moderate
SN/2026/2705,Land/Property,Ogun High Court,South-West,1326,35,28,AWC,10,0,174,1,High
SN/2026/2706,Land/Property,FHC Lagos,South-West,1945,35,26,CNR,3,0,98,1,High
SN/2024/2707,Admiralty,Oyo High Court,South-West,400,13,5,JNA,6,0,117,1,High
SN/2025/2708,Admiralty,FHC Lagos,South-West,587,18,13,INP,9,0,75,0,High
SN/2024/2709,Land/Property,Lagos High Court,South-West,1826,35,33,INP,3,0,257,1,High
SN/2026/2710,Civil,Imo High Court,South-East,1164,26,23,INP,2,1,334,1,High
SN/2024/2711,Criminal,Anambra High Court,South-East,637,11,6,CNR,3,0,124,1,High
SN/2025/2712,Commercial,Ogun High Court,South-West,1263,22,19,STR,3,0,350,1,High
SN/2024/2713,Family/Probate,Lagos High Court,South-West,321,5,1,SER,3,1,25,0,High
SN/2024/2714,Commercial,Court of Appeal Abuja,FCT,1130,21,17,STR,4,0,214,1,High
SN/2024/2715,Civil,Ogun High Court,South-West,1017,22,19,AWC,3,0,195,1,High
SN/2026/2716,Family/Probate,Delta High Court,South-South,404,15,10,SER,3,1,67,0,High
SN/2025/2717,Civil,Edo High Court,South-South,1521,30,27,AME,8,0,266,1,High
SN/2025/2718,Civil,FHC Gombe,North-East,657,22,19,INP,4,0,142,1,High
SN/2026/2719,Civil,FHC Gombe,North-East,432,10,8,AWC,3,1,4,0,High
SN/2026/2720,Land/Property,Oyo High Court,South-West,1371,23,20,SER,6,0,429,1,High
SN/2024/2721,Civil,Plateau High Court,North-Central,881,15,10,INP,5,0,174,1,High
SN/2024/2722,Civil,Delta High Court,South-South,1230,27,14,CNR,4,0,25,0,High
SN/2024/2723,Civil,FHC Lagos,South-West,1139,25,18,AME,4,0,264,1,High
SN/2025/2724,Civil,NICN Abuja,FCT,763,17,13,AWC,7,0,198,1,High
SN/2026/2725,Election Petition,Delta High Court,South-South,277,6,2,ADR,8,0,92,1,High
SN/2024/2726,Civil,FHC Lagos,South-West,1149,19,15,INP,4,0,261,1,High
SN/2024/2727,Election Petition,FHC Lagos,South-West,227,4,0,None,8,0,26,0,High
SN/2024/2728,Civil,Ogun High Court,South-West,986,24,20,ADR,3,0,25,0,High
SN/2026/2729,Criminal,NICN Lagos,South-West,1311,25,17,AWC,4,0,366,1,High
SN/2025/2730,Criminal,FCT High Court,FCT,790,17,14,ADR,2,1,13,0,High
SN/2026/2731,Criminal,FHC Port Harcourt,South-South,1101,25,20,CNR,5,0,315,1,High
SN/2024/2732,Admiralty,FHC Lagos,South-West,562,11,8,SER,5,0,64,0,High
SN/2025/2733,Civil,Rivers High Court,South-South,1174,30,27,AWC,6,0,41,0,High
SN/2026/2734,Criminal,NICN Lagos,South-West,819,25,18,JNA,8,1,62,0,High
SN/2024/2735,Land/Property,FHC Port Harcourt,South-South,814,18,16,CNR,5,0,254,1,High
SN/2024/2736,Criminal,FHC Lagos,South-West,892,15,11,AWC,8,0,39,0,High
SN/2024/2737,Land/Property,NICN Lagos,South-West,988,35,30,AME,3,0,37,0,High
SN/2026/2738,Civil,Rivers High Court,South-South,1599,29,23,INP,5,1,209,1,High
SN/2025/2739,Civil,NICN Lagos,South-West,1412,30,22,INP,9,0,301,1,High
SN/2025/2740,Criminal,Ogun High Court,South-West,1221,25,20,AWC,7,0,172,1,High
SN/2024/2741,Family/Probate,Lagos High Court,South-West,276,5,3,JNA,6,0,1,0,High
SN/2025/2742,Family/Probate,FHC Gombe,North-East,235,6,2,SER,6,0,56,0,Moderate
SN/2024/2743,Land/Property,FHC Enugu,South-East,184,4,3,STR,3,0,6,0,Moderate
SN/2026/2744,Civil,Oyo High Court,South-West,1182,30,27,AME,5,0,103,1,High
SN/2024/2745,Constitutional/Fundamental Rights,Sokoto High Court,North-West,290,5,5,CNR,4,1,39,0,High
SN/2026/2746,Criminal,FHC Lagos,South-West,1005,19,17,JNA,3,0,75,0,High
SN/2026/2747,Civil,FHC Kaduna,North-Central,1053,30,26,JNA,3,1,237,1,High
SN/2025/2748,Commercial,Anambra High Court,South-East,953,22,14,AWC,4,0,88,0,High
SN/2024/2749,Criminal,Ogun High Court,South-West,677,12,9,AWC,9,0,98,1,High
SN/2024/2750,Election Petition,NICN Lagos,South-West,274,5,2,CNR,5,0,60,0,High
SN/2024/2751,Land/Property,Anambra High Court,South-East,979,27,21,SER,8,0,120,1,High
SN/2026/2752,Civil,Enugu High Court,South-East,771,16,12,JNA,4,1,200,1,High
SN/2026/2753,Family/Probate,Borno High Court,North-East,241,4,4,CNR,2,0,6,0,High
SN/2024/2754,Election Petition,NICN Abuja,FCT,32,1,0,None,9,0,7,0,Low
SN/2026/2755,Civil,Delta High Court,South-South,1431,30,25,AWC,8,0,140,1,High
SN/2025/2756,Civil,NICN Lagos,South-West,1487,30,23,SER,3,1,315,1,High
SN/2024/2757,Criminal,Lagos High Court,South-West,1276,25,18,AME,3,0,275,1,High
SN/2024/2758,Land/Property,NICN Lagos,South-West,1034,20,17,AWC,3,1,292,1,High
SN/2026/2759,Admiralty,Rivers High Court,South-South,327,8,6,AWC,9,1,18,0,High
SN/2024/2760,Commercial,Edo High Court,South-South,1045,22,17,AWC,3,1,260,1,High
SN/2025/2761,Land/Property,Imo High Court,South-East,1210,30,20,JNA,6,0,279,1,High
SN/2026/2762,Land/Property,FHC Enugu,South-East,1192,26,21,INP,7,0,84,0,High
SN/2024/2763,Criminal,FHC Port Harcourt,South-South,498,11,6,SER,7,0,42,0,High
SN/2024/2764,Family/Probate,NICN Lagos,South-West,386,9,7,SER,9,1,19,0,High
SN/2026/2765,Criminal,Anambra High Court,South-East,442,9,7,STR,4,1,35,0,High
SN/2025/2766,Civil,Imo High Court,South-East,750,23,19,OTH,3,0,219,1,High
SN/2025/2767,Criminal,Ogun High Court,South-West,527,13,10,AME,5,0,4,0,High
SN/2024/2768,Land/Property,FHC Enugu,South-East,1576,32,25,JNA,10,0,390,1,High
SN/2026/2769,Land/Property,Enugu High Court,South-East,793,31,26,CNR,5,0,13,0,High
SN/2026/2770,Civil,Kaduna High Court,North-Central,654,17,14,AWC,8,1,183,1,High
SN/2025/2771,Land/Property,Katsina High Court,North-West,1267,34,26,AME,9,0,302,1,High
SN/2026/2772,Criminal,Imo High Court,South-East,1016,22,13,CNR,9,0,46,0,High
SN/2025/2773,Criminal,Kwara High Court,North-Central,770,18,14,SER,8,0,14,0,High
SN/2024/2774,Criminal,Oyo High Court,South-West,1322,25,20,AME,8,1,384,1,High
SN/2024/2775,Criminal,FHC Kaduna,North-Central,842,14,11,INP,7,0,187,1,High
SN/2026/2776,Land/Property,Oyo High Court,South-West,1344,35,30,AWC,8,1,331,1,High
SN/2024/2777,Land/Property,FHC Kaduna,North-Central,1302,28,24,JNA,2,0,337,1,High
SN/2024/2778,Criminal,Kaduna High Court,North-Central,589,11,8,AWC,5,0,154,1,High
SN/2024/2779,Civil,Rivers High Court,South-South,1087,23,21,AWC,7,0,163,1,High
SN/2024/2780,Family/Probate,Ogun High Court,South-West,566,11,9,JNA,9,0,68,0,High
SN/2024/2781,Civil,Ogun High Court,South-West,729,12,9,INP,10,1,222,1,High
SN/2026/2782,Family/Probate,FHC Kaduna,North-Central,255,4,1,SER,2,0,11,0,High
SN/2024/2783,Land/Property,Adamawa High Court,North-East,1069,20,19,JNA,6,0,107,1,High
SN/2024/2784,Criminal,Plateau High Court,North-Central,572,11,9,AWC,2,1,124,1,High
SN/2026/2785,Family/Probate,FHC Lagos,South-West,424,11,8,AWC,3,1,18,0,High
SN/2024/2786,Family/Probate,FHC Port Harcourt,South-South,484,9,4,CNR,2,1,126,1,High
SN/2026/2787,Commercial,FHC Lagos,South-West,977,21,14,OTH,5,1,37,0,High
SN/2026/2788,Criminal,Anambra High Court,South-East,711,11,9,JNA,6,0,179,1,High
SN/2026/2789,Criminal,Edo High Court,South-South,983,18,11,SER,8,0,315,1,High
SN/2026/2790,Commercial,Ogun High Court,South-West,1128,22,10,SER,4,0,307,1,High
SN/2024/2791,Civil,Rivers High Court,South-South,1195,20,17,CNR,6,0,193,1,High
SN/2024/2792,Family/Probate,FHC Port Harcourt,South-South,327,5,2,STR,4,0,47,0,High
SN/2024/2793,Commercial,FHC Lagos,South-West,996,22,17,INP,3,0,303,1,High
SN/2026/2794,Election Petition,Oyo High Court,South-West,211,5,1,JNA,2,1,20,0,High
SN/2024/2795,Criminal,Anambra High Court,South-East,625,10,9,INP,6,0,8,0,High
SN/2025/2796,Civil,FHC Kaduna,North-Central,810,14,12,CNR,6,1,262,1,High
SN/2025/2797,Commercial,Sokoto High Court,North-West,804,18,10,SER,2,0,256,1,High
SN/2024/2798,Civil,Imo High Court,South-East,756,18,15,SER,4,1,233,1,High
SN/2024/2799,Criminal,Oyo High Court,South-West,791,13,9,CNR,5,1,263,1,High
SN/2024/2800,Family/Probate,Delta High Court,South-South,173,6,2,AWC,6,0,21,0,Moderate
SN/2024/2801,Civil,Oyo High Court,South-West,982,26,18,OTH,5,0,52,0,High
SN/2025/2802,Constitutional/Fundamental Rights,Oyo High Court,South-West,68,1,0,None,5,0,21,0,Low
SN/2025/2803,Family/Probate,Anambra High Court,South-East,258,5,3,SER,9,1,76,0,High
SN/2024/2804,Family/Probate,Anambra High Court,South-East,375,10,6,ADR,6,0,26,0,High
SN/2024/2805,Criminal,Imo High Court,South-East,972,25,20,INP,6,1,275,1,High
SN/2024/2806,Admiralty,Imo High Court,South-East,250,5,2,STR,3,1,52,0,High
SN/2026/2807,Criminal,FHC Kaduna,North-Central,1165,25,13,CNR,10,0,231,1,High
SN/2024/2808,Criminal,Oyo High Court,South-West,450,12,11,AWC,2,0,81,0,High
SN/2025/2809,Civil,Ogun High Court,South-West,675,11,8,ADR,5,0,153,1,High
SN/2025/2810,Civil,Lagos High Court,South-West,1080,24,19,CNR,2,0,339,1,High
SN/2026/2811,Criminal,FHC Lagos,South-West,154,3,3,AWC,6,1,12,0,Moderate
SN/2026/2812,Commercial,Oyo High Court,South-West,633,22,11,AWC,5,0,184,1,High
SN/2025/2813,Commercial,Oyo High Court,South-West,588,19,15,INP,9,1,132,1,High
SN/2025/2814,Land/Property,Lagos High Court,South-West,1753,35,27,OTH,7,0,80,0,High
SN/2024/2815,Civil,FHC Lagos,South-West,366,8,8,INP,2,0,113,1,High
SN/2025/2816,Civil,Edo High Court,South-South,1094,29,27,AWC,6,1,71,0,High
SN/2026/2817,Criminal,FCT High Court,FCT,301,5,3,OTH,6,1,61,0,Moderate
SN/2026/2818,Land/Property,FHC Abuja,FCT,2000,35,26,JNA,5,0,647,1,High
SN/2025/2819,Land/Property,Oyo High Court,South-West,824,15,10,JNA,7,0,248,1,High
SN/2025/2820,Civil,Delta High Court,South-South,1487,30,25,CNR,6,1,274,1,High
SN/2024/2821,Land/Property,Court of Appeal Abuja,FCT,779,19,14,INP,8,0,19,0,High
SN/2024/2822,Criminal,FHC Port Harcourt,South-South,1087,22,14,INP,3,1,105,1,High
SN/2026/2823,Commercial,FHC Enugu,South-East,911,21,18,OTH,8,1,105,1,High
SN/2026/2824,Criminal,Edo High Court,South-South,519,10,6,OTH,5,0,103,1,High
SN/2024/2825,Constitutional/Fundamental Rights,Oyo High Court,South-West,414,7,4,INP,9,0,84,0,High
SN/2026/2826,Criminal,Rivers High Court,South-South,1282,25,21,AWC,4,0,63,0,High
SN/2026/2827,Criminal,NICN Lagos,South-West,479,13,12,SER,2,0,105,1,High
SN/2025/2828,Commercial,Borno High Court,North-East,776,17,9,STR,3,0,90,0,High
SN/2025/2829,Criminal,Rivers High Court,South-South,665,20,16,CNR,2,0,27,0,High
SN/2026/2830,Civil,Rivers High Court,South-South,1169,30,25,SER,4,1,168,1,High
SN/2025/2831,Criminal,FHC Port Harcourt,South-South,653,13,7,SER,2,0,145,1,High
SN/2024/2832,Commercial,NICN Abuja,FCT,1178,22,18,CNR,3,0,243,1,High
SN/2024/2833,Land/Property,Lagos High Court,South-West,1482,35,29,CNR,9,0,171,1,High
SN/2025/2834,Civil,Edo High Court,South-South,757,28,22,AWC,4,0,56,0,High
SN/2026/2835,Civil,NICN Lagos,South-West,428,11,9,AWC,5,0,6,0,High
SN/2025/2836,Land/Property,Lagos High Court,South-West,1067,21,16,AWC,7,1,21,0,High
SN/2026/2837,Admiralty,Ogun High Court,South-West,101,3,1,AWC,9,0,14,0,Low
SN/2025/2838,Civil,Anambra High Court,South-East,435,7,5,JNA,4,1,76,0,High
SN/2024/2839,Civil,Imo High Court,South-East,686,13,11,AME,3,0,204,1,High
SN/2024/2840,Civil,Bauchi High Court,North-East,798,23,15,AWC,8,1,171,1,High
SN/2025/2841,Criminal,Ogun High Court,South-West,1267,25,18,AME,7,1,137,1,High
SN/2026/2842,Land/Property,Oyo High Court,South-West,1450,35,30,INP,4,0,400,1,High
SN/2025/2843,Civil,Lagos High Court,South-West,547,15,12,CNR,7,0,65,0,High
SN/2026/2844,Commercial,NICN Lagos,South-West,1155,20,10,INP,7,0,288,1,High
SN/2025/2845,Constitutional/Fundamental Rights,Imo High Court,South-East,260,7,2,AWC,3,0,24,0,High
SN/2025/2846,Civil,Enugu High Court,South-East,1296,30,22,SER,11,0,349,1,High
SN/2025/2847,Land/Property,Lagos High Court,South-West,1213,31,25,INP,5,0,268,1,High
SN/2026/2848,Family/Probate,Katsina High Court,North-West,330,5,0,None,3,0,15,0,High
SN/2024/2849,Land/Property,Edo High Court,South-South,964,29,27,AWC,7,0,143,1,High
SN/2026/2850,Civil,Court of Appeal Abuja,FCT,820,19,16,CNR,4,0,255,1,High
SN/2024/2851,Commercial,NICN Lagos,South-West,1117,22,17,AWC,3,1,143,1,High
SN/2026/2852,Land/Property,Ogun High Court,South-West,904,21,17,INP,2,0,104,1,High
SN/2025/2853,Criminal,FHC Enugu,South-East,628,15,11,AWC,9,0,160,1,High
SN/2025/2854,Civil,Ogun High Court,South-West,1528,30,21,INP,3,1,120,1,High
SN/2025/2855,Land/Property,FHC Port Harcourt,South-South,1648,35,25,AWC,10,0,287,1,High
SN/2026/2856,Civil,Oyo High Court,South-West,1389,30,25,AWC,7,1,337,1,High
SN/2025/2857,Family/Probate,Kaduna High Court,North-Central,460,12,8,AME,4,0,17,0,High
SN/2026/2858,Land/Property,Court of Appeal Abuja,FCT,1182,35,30,SER,8,0,308,1,High
SN/2024/2859,Commercial,NICN Abuja,FCT,966,17,12,CNR,5,0,165,1,High
SN/2026/2860,Civil,Ogun High Court,South-West,1449,30,26,CNR,6,1,449,1,High
SN/2025/2861,Civil,FHC Lagos,South-West,1741,30,23,CNR,6,0,547,1,High
SN/2026/2862,Land/Property,Court of Appeal Abuja,FCT,887,25,20,AME,6,0,260,1,High
SN/2026/2863,Constitutional/Fundamental Rights,Delta High Court,South-South,257,7,4,AME,2,0,59,0,High
SN/2026/2864,Land/Property,Oyo High Court,South-West,473,8,6,ADR,2,0,79,0,High
SN/2024/2865,Commercial,Plateau High Court,North-Central,700,14,10,SER,2,0,200,1,High
SN/2024/2866,Land/Property,Imo High Court,South-East,1394,24,20,AWC,4,0,82,0,High
SN/2025/2867,Land/Property,Kano High Court,North-West,1576,35,30,ADR,3,1,50,0,High
SN/2025/2868,Criminal,NICN Lagos,South-West,490,11,9,SER,5,0,14,0,High
SN/2024/2869,Civil,Delta High Court,South-South,971,18,16,JNA,4,0,198,1,High
SN/2025/2870,Constitutional/Fundamental Rights,Ogun High Court,South-West,353,7,4,AWC,3,0,78,0,High
SN/2024/2871,Admiralty,Oyo High Court,South-West,185,5,2,INP,6,0,18,0,Moderate
SN/2024/2872,Criminal,FHC Lagos,South-West,1003,18,14,AWC,4,0,246,1,High
SN/2024/2873,Commercial,FHC Kano,North-West,298,8,4,JNA,5,0,35,0,High
SN/2025/2874,Criminal,Lagos High Court,South-West,448,9,8,CNR,5,0,60,0,High
SN/2026/2875,Commercial,Oyo High Court,South-West,963,22,15,SER,2,0,118,1,High
SN/2026/2876,Civil,Delta High Court,South-South,519,9,7,OTH,3,0,6,0,High
SN/2026/2877,Admiralty,Oyo High Court,South-West,314,5,2,INP,9,0,93,1,High
SN/2025/2878,Land/Property,FHC Kano,North-West,855,14,10,AME,5,1,166,1,High
SN/2026/2879,Civil,Lagos High Court,South-West,170,2,1,SER,3,0,38,0,Low
SN/2025/2880,Criminal,Plateau High Court,North-Central,766,13,11,INP,8,1,155,1,High
SN/2026/2881,Constitutional/Fundamental Rights,Delta High Court,South-South,204,4,1,INP,7,0,43,0,High
SN/2026/2882,Commercial,NICN Lagos,South-West,419,9,7,INP,5,0,6,0,High
SN/2026/2883,Civil,Rivers High Court,South-South,1163,30,27,INP,3,0,17,0,High
SN/2025/2884,Family/Probate,Delta High Court,South-South,517,16,11,INP,3,1,169,1,High
SN/2024/2885,Family/Probate,FHC Port Harcourt,South-South,321,12,5,ADR,2,0,85,0,High
SN/2025/2886,Land/Property,Lagos High Court,South-West,1001,19,16,INP,4,0,253,1,High
SN/2025/2887,Constitutional/Fundamental Rights,Ogun High Court,South-West,164,3,3,OTH,4,0,16,0,High
SN/2024/2888,Criminal,Delta High Court,South-South,1279,25,19,CNR,3,1,403,1,High
SN/2024/2889,Civil,NICN Lagos,South-West,443,12,9,INP,4,1,58,0,High
SN/2025/2890,Land/Property,FHC Port Harcourt,South-South,912,16,13,STR,5,1,127,1,High
SN/2026/2891,Admiralty,FHC Lagos,South-West,612,11,7,CNR,4,1,22,0,High
SN/2025/2892,Civil,Court of Appeal Abuja,FCT,812,18,12,JNA,7,0,249,1,High
SN/2025/2893,Commercial,Ogun High Court,South-West,1023,22,16,OTH,7,0,286,1,High
SN/2026/2894,Land/Property,Ogun High Court,South-West,674,16,12,AWC,8,0,86,0,High
SN/2025/2895,Criminal,Lagos High Court,South-West,824,21,12,SER,7,0,190,1,High
SN/2025/2896,Criminal,Kwara High Court,North-Central,882,20,18,CNR,6,0,248,1,High
SN/2024/2897,Family/Probate,Oyo High Court,South-West,392,10,6,ADR,3,1,125,1,High
SN/2024/2898,Criminal,FCT High Court,FCT,764,22,17,CNR,4,0,129,1,High
SN/2026/2899,Criminal,FHC Enugu,South-East,740,14,10,INP,3,0,150,1,High
SN/2025/2900,Commercial,NICN Lagos,South-West,490,8,6,JNA,10,0,79,0,High
SN/2026/2901,Civil,FHC Port Harcourt,South-South,1365,30,20,OTH,3,0,96,1,High
SN/2026/2902,Civil,Oyo High Court,South-West,1028,30,27,AWC,6,1,118,1,High
SN/2025/2903,Civil,FHC Enugu,South-East,1209,21,18,CNR,6,0,387,1,High
SN/2026/2904,Civil,Delta High Court,South-South,923,18,16,AWC,7,1,261,1,High
SN/2025/2905,Land/Property,NICN Lagos,South-West,1223,29,24,CNR,8,0,287,1,High
SN/2026/2906,Civil,Edo High Court,South-South,1200,30,26,INP,3,1,348,1,High
SN/2024/2907,Criminal,Delta High Court,South-South,998,25,18,SER,5,0,209,1,High
SN/2026/2908,Commercial,Edo High Court,South-South,825,18,14,OTH,4,0,99,1,High
SN/2024/2909,Land/Property,FHC Lagos,South-West,1424,25,20,OTH,11,0,71,0,High
SN/2025/2910,Criminal,NICN Abuja,FCT,693,13,9,AWC,3,0,24,0,High
SN/2024/2911,Land/Property,Ogun High Court,South-West,1636,35,34,CNR,6,0,327,1,High
SN/2026/2912,Family/Probate,Edo High Court,South-South,597,12,11,SER,2,0,117,1,High
SN/2024/2913,Family/Probate,Kaduna High Court,North-Central,143,4,1,INP,4,0,45,0,Low
SN/2025/2914,Civil,Ogun High Court,South-West,889,29,25,AWC,3,1,245,1,High
SN/2026/2915,Land/Property,FHC Port Harcourt,South-South,989,33,29,STR,7,1,202,1,High
SN/2025/2916,Commercial,FHC Port Harcourt,South-South,1129,22,11,OTH,3,0,215,1,High
SN/2024/2917,Civil,Rivers High Court,South-South,1347,29,25,AWC,9,0,408,1,High
SN/2026/2918,Commercial,Rivers High Court,South-South,741,13,10,STR,3,0,99,1,High
SN/2024/2919,Criminal,Ogun High Court,South-West,325,5,4,CNR,4,0,89,0,High
SN/2025/2920,Constitutional/Fundamental Rights,Enugu High Court,South-East,160,3,1,JNA,7,0,52,0,High
SN/2026/2921,Civil,Edo High Court,South-South,1127,30,20,SER,8,0,116,1,High
SN/2025/2922,Civil,Oyo High Court,South-West,1443,28,24,ADR,3,0,480,1,High
SN/2026/2923,Family/Probate,FHC Kaduna,North-Central,302,11,2,AME,7,0,67,0,High
SN/2024/2924,Civil,Oyo High Court,South-West,1862,30,22,CNR,5,0,225,1,High
SN/2026/2925,Constitutional/Fundamental Rights,Oyo High Court,South-West,357,7,1,AWC,8,0,8,0,High
SN/2026/2926,Constitutional/Fundamental Rights,Kano High Court,North-West,197,6,3,AME,2,1,18,0,High
SN/2026/2927,Land/Property,Katsina High Court,North-West,1325,27,24,CNR,9,0,268,1,High
SN/2025/2928,Constitutional/Fundamental Rights,NICN Lagos,South-West,124,2,1,OTH,5,1,18,0,Moderate
SN/2025/2929,Land/Property,Oyo High Court,South-West,739,24,20,SER,3,1,181,1,High
SN/2026/2930,Civil,Edo High Court,South-South,836,15,8,ADR,5,0,37,0,High
SN/2025/2931,Admiralty,FHC Lagos,South-West,98,3,2,CNR,5,1,29,0,Moderate
SN/2024/2932,Criminal,Ogun High Court,South-West,1189,25,20,ADR,5,0,147,1,High
SN/2025/2933,Family/Probate,NICN Lagos,South-West,173,3,2,AWC,5,1,47,0,Moderate
SN/2026/2934,Criminal,FHC Lagos,South-West,581,20,12,AWC,7,1,96,1,High
SN/2024/2935,Civil,Adamawa High Court,North-East,1174,30,23,JNA,9,0,196,1,High
SN/2024/2936,Criminal,Rivers High Court,South-South,775,19,14,AWC,3,0,69,0,High
SN/2024/2937,Civil,Imo High Court,South-East,750,14,11,CNR,3,0,197,1,High
SN/2024/2938,Family/Probate,NICN Lagos,South-West,261,4,1,INP,2,0,69,0,High
SN/2025/2939,Family/Probate,FHC Lagos,South-West,652,11,6,STR,3,1,184,1,High
SN/2025/2940,Land/Property,Ogun High Court,South-West,1548,35,29,STR,3,0,31,0,High
SN/2025/2941,Civil,FHC Kaduna,North-Central,774,20,17,AWC,3,0,235,1,High
SN/2025/2942,Civil,Imo High Court,South-East,474,8,8,INP,6,0,23,0,High
SN/2024/2943,Civil,NICN Lagos,South-West,1539,30,26,OTH,5,0,21,0,High
SN/2026/2944,Civil,Oyo High Court,South-West,465,15,8,AME,7,0,82,0,High
SN/2026/2945,Family/Probate,FHC Port Harcourt,South-South,491,13,10,CNR,6,0,127,1,High
SN/2026/2946,Criminal,FHC Kaduna,North-Central,1070,25,15,AWC,7,0,272,1,High
SN/2026/2947,Civil,Delta High Court,South-South,438,8,7,AWC,3,0,30,0,High
SN/2025/2948,Criminal,Delta High Court,South-South,401,9,5,INP,9,0,10,0,High
SN/2024/2949,Commercial,Edo High Court,South-South,646,19,11,AWC,3,0,25,0,High
SN/2024/2950,Commercial,Ogun High Court,South-West,518,12,9,INP,3,0,44,0,High
SN/2024/2951,Civil,FHC Port Harcourt,South-South,1377,30,23,AWC,3,0,152,1,High
SN/2025/2952,Criminal,Rivers High Court,South-South,814,13,12,AWC,3,1,172,1,High
SN/2026/2953,Civil,Enugu High Court,South-East,1328,30,26,SER,6,0,142,1,High
SN/2026/2954,Civil,Ogun High Court,South-West,1603,30,21,AWC,6,1,319,1,High
SN/2026/2955,Criminal,NICN Lagos,South-West,1073,18,16,CNR,3,0,150,1,High
SN/2026/2956,Constitutional/Fundamental Rights,Anambra High Court,South-East,245,8,3,CNR,11,0,46,0,High
SN/2025/2957,Constitutional/Fundamental Rights,Ogun High Court,South-West,189,3,2,JNA,4,0,31,0,High
SN/2026/2958,Commercial,Enugu High Court,South-East,1161,22,18,CNR,6,0,46,0,High
SN/2025/2959,Civil,Katsina High Court,North-West,949,26,22,ADR,6,1,263,1,High
SN/2025/2960,Land/Property,FHC Lagos,South-West,1458,33,25,SER,4,0,342,1,High
SN/2024/2961,Criminal,FHC Lagos,South-West,973,17,13,JNA,3,0,104,1,High
SN/2026/2962,Criminal,Delta High Court,South-South,939,18,12,AWC,6,0,252,1,High
SN/2024/2963,Family/Probate,FHC Lagos,South-West,590,14,9,CNR,3,0,14,0,High
SN/2024/2964,Criminal,Edo High Court,South-South,1082,22,19,INP,5,0,48,0,High
SN/2025/2965,Criminal,Delta High Court,South-South,890,18,16,INP,3,0,280,1,High
SN/2024/2966,Criminal,FHC Lagos,South-West,999,22,17,AWC,5,1,247,1,High
SN/2025/2967,Criminal,Lagos High Court,South-West,1127,25,21,JNA,10,0,88,0,High
SN/2026/2968,Constitutional/Fundamental Rights,Lagos High Court,South-West,105,1,1,INP,6,0,14,0,Moderate
SN/2024/2969,Civil,Adamawa High Court,North-East,368,9,6,AWC,6,1,58,0,High
SN/2026/2970,Criminal,Anambra High Court,South-East,613,11,7,SER,6,0,82,0,High
SN/2024/2971,Civil,Edo High Court,South-South,709,18,16,SER,11,1,26,0,High
SN/2026/2972,Family/Probate,FHC Abuja,FCT,375,11,9,JNA,4,0,3,0,High
SN/2025/2973,Commercial,Lagos High Court,South-West,1357,22,16,OTH,4,0,126,1,High
SN/2025/2974,Land/Property,Katsina High Court,North-West,935,30,26,AME,4,0,295,1,High
SN/2024/2975,Criminal,NICN Lagos,South-West,985,25,18,SER,2,0,6,0,High
SN/2025/2976,Criminal,Rivers High Court,South-South,1245,21,16,SER,3,0,63,0,High
SN/2025/2977,Criminal,Rivers High Court,South-South,508,9,8,CNR,5,0,135,1,High
SN/2024/2978,Commercial,Imo High Court,South-East,905,17,8,AWC,7,0,41,0,High
SN/2024/2979,Criminal,Edo High Court,South-South,1114,25,22,JNA,4,1,325,1,High
SN/2026/2980,Civil,Rivers High Court,South-South,976,23,15,ADR,6,0,234,1,High
SN/2024/2981,Criminal,Ogun High Court,South-West,299,7,4,INP,2,0,11,0,High
SN/2024/2982,Civil,Katsina High Court,North-West,813,14,11,INP,6,0,245,1,High
SN/2025/2983,Land/Property,FHC Port Harcourt,South-South,1748,35,29,INP,6,1,515,1,High
SN/2025/2984,Civil,Oyo High Court,South-West,1147,26,21,STR,8,1,25,0,High
SN/2026/2985,Civil,Lagos High Court,South-West,1842,30,25,CNR,5,1,247,1,High
SN/2025/2986,Criminal,Edo High Court,South-South,502,12,9,AWC,6,0,88,0,High
SN/2024/2987,Criminal,Ogun High Court,South-West,944,25,20,JNA,9,1,71,0,High
SN/2026/2988,Civil,Delta High Court,South-South,470,15,11,AME,2,0,87,0,High
SN/2025/2989,Criminal,Borno High Court,North-East,493,11,6,AWC,3,1,147,1,High
SN/2026/2990,Criminal,NICN Lagos,South-West,983,25,22,AME,3,1,223,1,High
SN/2024/2991,Family/Probate,FHC Port Harcourt,South-South,224,4,1,AWC,4,1,30,0,Moderate
SN/2024/2992,Land/Property,FHC Port Harcourt,South-South,1161,21,18,AWC,9,0,176,1,High
SN/2025/2993,Civil,FHC Lagos,South-West,1113,27,23,ADR,5,0,214,1,High
SN/2025/2994,Commercial,Imo High Court,South-East,1079,22,16,JNA,9,1,235,1,High
SN/2025/2995,Criminal,Delta High Court,South-South,697,25,20,OTH,3,0,134,1,High
SN/2026/2996,Civil,FHC Port Harcourt,South-South,709,20,16,AWC,7,0,161,1,High
SN/2024/2997,Criminal,FHC Port Harcourt,South-South,241,5,3,AWC,3,0,49,0,Moderate
SN/2025/2998,Family/Probate,Imo High Court,South-East,563,10,7,CNR,8,1,84,0,High
SN/2026/2999,Criminal,Enugu High Court,South-East,537,16,14,CNR,5,0,76,0,High
SN/2025/3000,Civil,Kano High Court,North-West,828,13,9,CNR,5,1,229,1,High
